0,921.966,696.076,-0.0891134,2.02192e-05,0,0.00299708,0.000141372,0.000226893,0,0.102817
0.05,956.501,692.666,0.0738821,0.100661,0,0.00275567,0.000109505,0.000226893,0.000146055,0.10282
0.1,990.866,689.278,0.224352,0.179776,0,0.00187267,0.00105244,0.000226899,0.000264375,0.102845
0.15,1025.06,685.911,0.32714,0.216833,0,0.000468379,0.00300478,0.000226928,0.000324267,0.102943
0.2,1059.09,682.565,0.354063,0.201801,0,-0.00106432,0.00549842,0.000226997,0.000308849,0.103155
0.25,1092.95,679.239,0.297733,0.13982,0,-0.00228074,0.00781913,0.000227087,0.000223067,0.10349
0.3,1126.65,675.933,0.174636,0.0485031,0,-0.00289049,0.00934386,0.000227155,9.09684e-05,0.103923
0.35,1160.18,672.647,0.0170748,-0.050508,0,-0.00289728,0.00984335,0.000227163,-5.58552e-05,0.104407
0.4,1193.55,669.381,-0.142833,-0.139463,0,-0.00239547,0.00949847,0.000227102,-0.000190727,0.104894
0.45,1226.75,666.134,-0.275093,-0.199497,0,-0.00131027,0.00815801,0.000226995,-0.000285505,0.105339
0.5,1259.8,662.906,-0.34827,-0.215451,0,0.000121812,0.00600582,0.000226886,-0.000315922,0.105696
0.55,1292.68,659.697,-0.343324,-0.183674,0,0.00151169,0.00359627,0.000226813,-0.000274113,0.105935
0.6,1325.4,656.507,-0.261951,-0.113353,0,0.00249677,0.00158806,0.000226784,-0.000171719,0.106062
0.65,1357.96,653.335,-0.125509,-0.0222943,0,0.00289562,0.0004558,0.000226778,-3.44942e-05,0.106109
0.7,1390.37,650.181,0.0348085,0.0712049,0,0.00279496,0.000252068,0.000226778,0.000109521,0.106123
0.75,1422.61,647.044,0.191142,0.15167,0,0.00219268,0.000869162,0.000226783,0.000236525,0.106148
0.8,1454.7,643.926,0.314409,0.202066,0,0.001077,0.00246375,0.000226806,0.000319931,0.106227
0.85,1486.64,640.825,0.37617,0.210465,0,-0.000303455,0.004774,0.000226866,0.000339579,0.106406
0.9,1518.42,637.741,0.361256,0.175397,0,-0.00159672,0.00724544,0.000226962,0.000290911,0.106708
0.95,1550.05,634.674,0.273757,0.106201,0,-0.00249319,0.00926633,0.000227062,0.000186488,0.107123
1,1581.52,631.623,0.135091,0.019074,0,-0.00284787,0.0104147,0.000227121,5.06309e-05,0.107619
1.05,1612.84,628.589,-0.0250387,-0.0697749,0,-0.00274634,0.0106556,0.00022711,-9.09184e-05,0.108149
1.1,1644.01,625.572,-0.180586,-0.146899,0,-0.00219632,0.0101253,0.000227029,-0.00021672,0.108672
1.15,1675.03,622.57,-0.305307,-0.197286,0,-0.00117069,0.00867578,0.000226904,-0.000302608,0.109146
1.2,1705.9,619.584,-0.372904,-0.209883,0,0.000122795,0.00652053,0.000226782,-0.000329363,0.109528
1.25,1736.63,616.614,-0.368049,-0.182319,0,0.00137841,0.00414729,0.000226697,-0.000291076,0.109794
1.3,1767.2,613.66,-0.292139,-0.121599,0,0.00231125,0.00211986,0.000226658,-0.000197091,0.109948
1.35,1797.62,610.721,-0.162519,-0.0412902,0,0.002762,0.000864642,0.000226648,-6.82108e-05,0.110019
1.4,1827.9,607.797,-0.00569904,0.0437737,0,0.00276624,0.000492479,0.000226648,7.14521e-05,0.11005
1.45,1858.04,604.887,0.153659,0.121804,0,0.00239064,0.000838075,0.000226652,0.000202257,0.11008
1.5,1888.03,601.993,0.292031,0.179622,0,0.00155481,0.00207474,0.00022667,0.000302586,0.110149
1.55,1917.87,599.113,0.38318,0.205611,0,0.000392105,0.00411195,0.000226721,0.00035208,0.110301
1.6,1947.57,596.247,0.407997,0.194628,0,-0.000847975,0.00656283,0.000226815,0.000340344,0.110567
1.65,1977.12,593.396,0.361285,0.149665,0,-0.00189435,0.00890076,0.000226934,0.000270402,0.110956
1.7,2006.54,590.558,0.253373,0.0806314,0,-0.00254837,0.010645,0.00022704,0.000157372,0.111447
1.75,2035.81,587.735,0.106335,0.0007982,0,-0.00275167,0.0115279,0.00022709,2.30065e-05,0.112005
1.8,2064.94,584.925,-0.0542063,-0.0781591,0,-0.00261126,0.011625,0.000227064,-0.000112506,0.112587
1.85,2093.93,582.129,-0.206919,-0.145903,0,-0.00207938,0.0109993,0.000226965,-0.000231662,0.113156
1.9,2122.79,579.345,-0.329004,-0.190708,0,-0.00115769,0.00953055,0.000226823,-0.00031403,0.113672
1.95,2151.5,576.576,-0.398153,-0.204147,0,-9.31927e-06,0.0074151,0.000226681,-0.000343757,0.114098
2,2180.07,573.819,-0.400864,-0.184013,0,0.0011323,0.00506411,0.000226576,-0.000315213,0.11441
2.05,2208.51,571.075,-0.336786,-0.134886,0,0.0020412,0.00296053,0.00022652,-0.000234578,0.114608
2.1,2236.81,568.344,-0.218662,-0.0665091,0,0.00257035,0.00150151,0.0002265,-0.000117607,0.114717
2.15,2264.97,565.625,-0.0680371,0.00944173,0,0.00270074,0.000866438,0.000226497,1.562e-05,0.114773
2.2,2293,562.919,0.0925633,0.0834027,0,0.00253647,0.00091534,0.000226501,0.000147809,0.114815
2.25,2320.89,560.225,0.244147,0.146062,0,0.00199762,0.00170857,0.000226514,0.000262739,0.114877
2.3,2348.65,557.543,0.3645,0.187124,0,0.00111127,0.00332729,0.000226552,0.000341605,0.115
2.35,2376.28,554.873,0.432853,0.199465,0,2.51728e-05,0.00556664,0.000226632,0.000370369,0.11522
2.4,2403.77,552.215,0.436734,0.181261,0,-0.00105604,0.00803579,0.000226754,0.000344053,0.11556
2.45,2431.13,549.569,0.375618,0.136409,0,-0.00193371,0.0102801,0.000226896,0.000268022,0.11602
2.5,2458.35,546.935,0.260923,0.073243,0,-0.0024733,0.011917,0.000227015,0.00015618,0.116578
2.55,2485.44,544.312,0.112489,0.00199567,0,-0.00264381,0.0127499,0.000227072,2.66963e-05,0.117198
2.6,2512.41,541.7,-0.0476843,-0.0685546,0,-0.00253622,0.0128601,0.000227046,-0.000103977,0.117841
2.65,2539.24,539.099,-0.201665,-0.13079,0,-0.00211708,0.0123297,0.000226942,-0.000221909,0.118474
2.7,2565.94,536.51,-0.330567,-0.17572,0,-0.00136548,0.0110233,0.000226785,-0.000310303,0.11906
2.75,2592.52,533.931,-0.41475,-0.196204,0,-0.000387795,0.00906344,0.000226616,-0.000354851,0.119565
2.8,2618.96,531.364,-0.440344,-0.189145,0,0.000649077,0.00676182,0.000226474,-0.000348263,0.119961
2.85,2645.27,528.807,-0.403129,-0.156236,0,0.00156596,0.00452148,0.000226383,-0.000292115,0.120242
2.9,2671.46,526.261,-0.309586,-0.103385,0,0.0022204,0.00272396,0.000226338,-0.00019621,0.120421
2.95,2697.52,523.725,-0.174969,-0.0390176,0,0.00254411,0.00162432,0.000226323,-7.57422e-05,0.120526
3,2723.46,521.199,-0.0189808,0.0283403,0,0.00257012,0.00126759,0.000226322,5.30711e-05,0.120596
3.05,2749.27,518.684,0.140605,0.0921962,0,0.00235927,0.00148949,0.00022633,0.000177486,0.120662
3.1,2774.95,516.179,0.287848,0.145181,0,0.00183579,0.00243538,0.000226352,0.000283605,0.120757
3.15,2800.5,513.684,0.403553,0.179809,0,0.00104072,0.00412622,0.000226405,0.000356393,0.120918
3.2,2825.94,511.199,0.470642,0.191036,0,8.88289e-05,0.0063693,0.000226503,0.000384909,0.121179
3.25,2851.24,508.723,0.478752,0.177505,0,-0.000867817,0.00883327,0.000226647,0.000365035,0.121559
3.3,2876.43,506.258,0.426791,0.141792,0,-0.00167946,0.011135,0.000226814,0.000300371,0.12206
3.35,2901.49,503.802,0.323086,0.0896769,0,-0.00223576,0.0129366,0.000226967,0.000201155,0.122664
3.4,2926.43,501.355,0.183186,0.0286344,0,-0.00249216,0.0140293,0.000227063,8.15802e-05,0.123341
3.45,2951.24,498.918,0.0258843,-0.0341308,0,-0.00248883,0.0143967,0.000227076,-4.39478e-05,0.124055
3.5,2975.93,496.491,-0.132279,-0.0932496,0,-0.00227967,0.0142126,0.000227,-0.000164377,0.124772
3.55,3000.51,494.072,-0.277073,-0.142492,0,-0.00179266,0.0133644,0.00022685,-0.000267467,0.125465
3.6,3024.96,491.663,-0.391633,-0.175485,0,-0.00106287,0.0118288,0.000226656,-0.000339826,0.126097
3.65,3049.29,489.262,-0.460763,-0.187852,0,-0.000186421,0.0097721,0.000226462,-0.000371527,0.126639
3.7,3073.5,486.871,-0.474833,-0.178181,0,0.000708986,0.00748259,0.000226303,-0.000358357,0.12707
3.75,3097.59,484.488,-0.431986,-0.148271,0,0.00149445,0.00529959,0.000226196,-0.000302648,0.127389
3.8,3121.56,482.114,-0.33847,-0.102645,0,0.00206918,0.00353382,0.000226139,-0.00021259,0.127607
3.85,3145.41,479.749,-0.207084,-0.0474536,0,0.00238242,0.0023959,0.000226115,-0.000100231,0.127753
3.9,3169.14,477.392,-0.0541429,0.0109816,0,0.00244881,0.00194142,0.000226111,2.13992e-05,0.127858
3.95,3192.76,475.044,0.104998,0.0678385,0,0.00233757,0.00201857,0.000226119,0.000141841,0.127955
4,3216.26,472.704,0.257711,0.118149,0,0.00198683,0.00270434,0.000226142,0.000250963,0.128071
4.05,3239.64,470.372,0.388589,0.156193,0,0.00139893,0.00408889,0.000226192,0.000336446,0.128238
4.1,3262.91,468.049,0.48212,0.177397,0,0.000636425,0.00607823,0.000226284,0.000387802,0.12849
4.15,3286.05,465.733,0.526471,0.179299,0,-0.000202207,0.00844881,0.000226428,0.000398654,0.128852
4.2,3309.09,463.426,0.51598,0.162023,0,-0.00100477,0.0108996,0.000226615,0.000367991,0.129336
4.25,3332,461.127,0.452261,0.128184,0,-0.00166926,0.0131164,0.000226817,0.000300257,0.129938
4.3,3354.8,458.836,0.343773,0.0822882,0,-0.00212457,0.0148378,0.000226995,0.000204298,0.130639
4.35,3377.49,456.552,0.20398,0.0297655,0,-0.00234427,0.0159082,0.000227109,9.14432e-05,0.131411
4.4,3400.06,454.277,0.0485029,-0.0242185,0,-0.00235726,0.0163169,0.000227135,-2.69738e-05,0.132219
4.45,3422.52,452.008,-0.108721,-0.0759013,0,-0.00222,0.0162277,0.000227065,-0.000142327,0.133034
4.5,3444.87,449.748,-0.256471,-0.121074,0,-0.00186932,0.0155745,0.00022691,-0.000245647,0.133832
4.55,3467.1,447.495,-0.381352,-0.155014,0,-0.00131429,0.0142912,0.000226694,-0.000326157,0.134581
4.6,3489.22,445.249,-0.470143,-0.174033,0,-0.000610588,0.0124697,0.000226458,-0.000374883,0.135252
4.65,3511.22,443.01,-0.512834,-0.176165,0,0.000159077,0.0103086,0.000226239,-0.000386377,0.135822
4.7,3533.12,440.779,-0.504572,-0.161489,0,0.000901621,0.0080703,0.000226066,-0.00035966,0.136282
4.75,3554.9,438.556,-0.446527,-0.132063,0,0.00153148,0.00602843,0.000225949,-0.000298295,0.136633
4.8,3576.57,436.339,-0.345583,-0.0914827,0,0.00198626,0.00441599,0.000225882,-0.0002096,0.136892
4.85,3598.13,434.129,-0.212957,-0.0441798,0,0.00223768,0.00338114,0.000225851,-0.0001032,0.137084
4.9,3619.58,431.927,-0.0619981,0.00545108,0,0.00229977,0.00295336,0.000225844,1.0881e-05,0.13724
4.95,3640.92,429.731,0.0948851,0.0541083,0,0.00222945,0.00299553,0.000225854,0.000124657,0.137387
5,3662.15,427.542,0.247793,0.0984516,0,0.00197993,0.00355777,0.000225883,0.000230653,0.137548
5.05,3683.26,425.36,0.384674,0.134471,0,0.00154261,0.00474484,0.00022594,0.000319398,0.137753
5.1,3704.27,423.184,0.492665,0.158693,0,0.000950717,0.00651527,0.000226039,0.000382195,0.138033
5.15,3725.17,421.016,0.560848,0.168792,0,0.000264003,0.00872354,0.000226191,0.000412717,0.138412
5.2,3745.96,418.854,0.582156,0.163973,0,-0.000442848,0.0111508,0.000226397,0.000408053,0.138909
5.25,3766.65,416.698,0.55454,0.145066,0,-0.00109358,0.013544,0.000226638,0.000369122,0.139527
5.3,3787.22,414.549,0.48124,0.114342,0,-0.00162334,0.015659,0.000226884,0.000300425,0.140259
5.35,3807.69,412.407,0.370165,0.0750961,0,-0.00198909,0.0173021,0.000227095,0.000209196,0.141085
5.4,3828.05,410.271,0.232502,0.031076,0,-0.00217619,0.0183613,0.000227235,0.000104134,0.141979
5.45,3848.3,408.141,0.0808163,-0.0141759,0,-0.00220353,0.0188285,0.000227281,-6.13556e-06,0.142911
5.5,3868.44,406.017,-0.0733878,-0.0581122,0,-0.00212391,0.0188355,0.000227224,-0.000115005,0.143854
5.55,3888.48,403.9,-0.221343,-0.0981074,0,-0.00189202,0.018394,0.000227068,-0.000216306,0.144787
5.6,3908.42,401.788,-0.353237,-0.130904,0,-0.00149848,0.0174053,0.000226835,-0.000301899,0.145684
5.65,3928.24,399.683,-0.458382,-0.153685,0,-0.000970832,0.0158999,0.000226555,-0.000364287,0.146519
5.7,3947.96,397.583,-0.527552,-0.164512,0,-0.000356576,0.013996,0.000226268,-0.00039788,0.147268
5.75,3967.58,395.49,-0.554501,-0.162601,0,0.000284872,0.0118734,0.000226009,-0.000399799,0.147915
5.8,3987.09,393.402,-0.536899,-0.148409,0,0.000891613,0.0097433,0.000225799,-0.000370242,0.148455
5.85,4006.49,391.321,-0.476631,-0.123529,0,0.00140869,0.00781502,0.000225648,-0.000312366,0.148892
5.9,4025.79,389.245,-0.379446,-0.0904169,0,0.00179597,0.0062643,0.000225552,-0.000231734,0.149243
5.95,4044.99,387.175,-0.254024,-0.0520095,0,0.00203364,0.00520677,0.000225499,-0.000135428,0.149527
6,4064.08,385.111,-0.110611,-0.0112678,0,0.00212592,0.00467789,0.000225478,-3.09396e-05,0.149772
6.05,4083.07,383.052,0.0407015,0.0293939,0,0.00210907,0.00460092,0.000225483,7.5249e-05,0.150003
6.1,4101.96,380.999,0.192073,0.0680237,0,0.00198239,0.00490682,0.000225513,0.000178046,0.150238
6.15,4120.74,378.951,0.335369,0.102111,0,0.00171619,0.00573198,0.000225573,0.000271025,0.150502
6.2,4139.42,376.909,0.460664,0.129152,0,0.00131885,0.00709886,0.000225673,0.000347326,0.150821
6.25,4158,374.872,0.558378,0.147101,0,0.000817804,0.00894613,0.000225823,0.000401002,0.15122
6.3,4176.47,372.84,0.620693,0.154651,0,0.000254205,0.0111474,0.000226033,0.000427849,0.151721
6.35,4194.84,370.814,0.642607,0.151394,0,-0.000323325,0.0135307,0.000226297,0.000425934,0.152338
6.4,4213.11,368.794,0.622559,0.137853,0,-0.000865588,0.015902,0.000226601,0.000395801,0.153074
6.45,4231.28,366.778,0.562587,0.115382,0,-0.00132942,0.0180724,0.000226915,0.000340332,0.153925
6.5,4249.35,364.768,0.467994,0.085968,0,-0.00168311,0.0198823,0.000227203,0.000264301,0.154875
6.55,4267.31,362.763,0.346602,0.051955,0,-0.00191009,0.0212217,0.000227429,0.000173701,0.155905
6.6,4285.18,360.763,0.207704,0.0157305,0,-0.00201104,0.0220442,0.000227564,7.49304e-05,0.156989
6.65,4302.94,358.768,0.060836,-0.0206189,0,-0.0020071,0.022378,0.000227591,-2.61275e-05,0.158101
6.7,4320.61,356.779,-0.0857728,-0.0556853,0,-0.00193333,0.0223508,0.000227506,-0.000125241,0.159221
6.75,4338.17,354.794,-0.225951,-0.0877882,0,-0.00174826,0.0219455,0.000227315,-0.000218025,0.16033
6.8,4355.64,352.813,-0.352534,-0.11489,0,-0.00144826,0.0210879,0.000227036,-0.000298634,0.161408
6.85,4373,350.838,-0.457759,-0.135214,0,-0.00104938,0.0197948,0.000226696,-0.000361666,0.162431
6.9,4390.27,348.868,-0.534675,-0.147445,0,-0.000578861,0.0181422,0.000226332,-0.000402815,0.163381
6.95,4407.43,346.902,-0.578051,-0.15087,0,-7.15887e-05,0.0162493,0.000225976,-0.000419343,0.164242
7,4424.5,344.942,-0.584997,-0.145443,0,0.000434309,0.0142628,0.000225658,-0.000410362,0.165004
7.05,4441.47,342.986,-0.555271,-0.13177,0,0.000902016,0.012338,0.000225395,-0.000376875,0.165669
7.1,4458.34,341.034,-0.491257,-0.111017,0,0.00130022,0.0106204,0.000225194,-0.000321606,0.166242
7.15,4475.11,339.088,-0.397638,-0.0847626,0,0.00160644,0.00922906,0.000225052,-0.000248637,0.166736
7.2,4491.78,337.146,-0.28081,-0.0548067,0,0.00180923,0.00824246,0.000224961,-0.000162907,0.167171
7.25,4508.36,335.208,-0.148105,-0.0229593,0,0.0019097,0.00768843,0.000224915,-6.96203e-05,0.167568
7.3,4524.84,333.276,-0.00686855,0.00920536,0,0.00192565,0.00752749,0.000224907,2.64463e-05,0.167947
7.35,4541.22,331.347,0.136886,0.0405665,0,0.0018768,0.00765987,0.000224935,0.000121757,0.168325
7.4,4557.5,329.423,0.278029,0.0697645,0,0.00173781,0.00818257,0.000225001,0.000212428,0.16872
7.45,4573.69,327.503,0.409833,0.0952729,0,0.00150421,0.00915541,0.000225111,0.000293763,0.169151
7.5,4589.78,325.588,0.525128,0.115681,0,0.00118425,0.0105725,0.000225273,0.000361191,0.169643
7.55,4605.77,323.677,0.617244,0.129855,0,0.000795429,0.0123805,0.000225495,0.000410792,0.170215
7.6,4621.67,321.77,0.680715,0.137052,0,0.000362023,0.0144871,0.000225782,0.000439704,0.170886
7.65,4637.47,319.868,0.711824,0.136985,0,-8.78017e-05,0.0167721,0.00022613,0.00044639,0.171667
7.7,4653.17,317.97,0.70894,0.129842,0,-0.000525028,0.0190995,0.000226524,0.000430756,0.172564
7.75,4668.78,316.076,0.672645,0.116249,0,-0.00092276,0.0213318,0.000226943,0.000394117,0.173575
7.8,4684.29,314.186,0.605631,0.0971975,0,-0.0012588,0.0233438,0.000227354,0.000339031,0.174693
7.85,4699.71,312.301,0.512393,0.0739327,0,-0.00151759,0.0250339,0.000227723,0.000269003,0.175904
7.9,4715.03,310.42,0.398766,0.0478312,0,-0.00169142,0.0263336,0.000228017,0.000188128,0.17719
7.95,4730.26,308.543,0.271351,0.0202653,0,-0.00178103,0.0272128,0.000228211,0.000100675,0.17853
8,4745.39,306.669,0.136883,-0.00753505,0,-0.00179642,0.0276838,0.000228287,1.06524e-05,0.179904
8.05,4760.43,304.8,0.00156847,-0.0346582,0,-0.00176062,0.0278119,0.00022824,-7.87356e-05,0.181293
8.1,4775.37,302.935,-0.129838,-0.0604282,0,-0.00167442,0.0276902,0.00022807,-0.000165236,0.182682
8.15,4790.22,301.073,-0.253419,-0.0837673,0,-0.00151151,0.0272551,0.000227787,-0.000245513,0.184057
8.2,4804.97,299.216,-0.364359,-0.103593,0,-0.00127596,0.0264773,0.000227408,-0.000315789,0.185401
8.25,4819.63,297.362,-0.45776,-0.118981,0,-0.000978043,0.025376,0.00022696,-0.000372663,0.186699
8.3,4834.2,295.512,-0.529271,-0.129239,0,-0.000632932,0.024003,0.000226473,-0.000413377,0.187934
8.35,4848.68,293.666,-0.575508,-0.133957,0,-0.000259267,0.0224337,0.000225978,-0.000436021,0.189096
8.4,4863.06,291.824,-0.594345,-0.133029,0,0.000122538,0.02076,0.000225504,-0.000439673,0.190176
8.45,4877.34,289.986,-0.585075,-0.126657,0,0.000492085,0.0190806,0.000225072,-0.00042444,0.191172
8.5,4891.54,288.152,-0.548443,-0.115317,0,0.000830692,0.0174934,0.000224697,-0.000391413,0.192086
8.55,4905.64,286.321,-0.486545,-0.0997148,0,0.00112284,0.0160862,0.000224388,-0.000342543,0.192924
8.6,4919.65,284.494,-0.402622,-0.0807193,0,0.00135728,0.0149298,0.000224146,-0.000280457,0.193698
8.65,4933.56,282.67,-0.300763,-0.0592875,0,0.00152775,0.0140722,0.000223969,-0.000208223,0.194422
8.7,4947.39,280.851,-0.18554,-0.0363865,0,0.00163341,0.0135341,0.000223852,-0.000129085,0.195111
8.75,4961.12,279.035,-0.0615913,-0.0129107,0,0.00167948,0.0133021,0.000223793,-4.61859e-05,0.195781
8.8,4974.76,277.222,0.0669301,0.0104352,0,0.00168064,0.0133047,0.00022379,3.7819e-05,0.196445
8.85,4988.31,275.413,0.196939,0.0330944,0,0.00163978,0.0135511,0.000223844,0.000120891,0.197115
8.9,5001.76,273.607,0.324802,0.054355,0,0.0015441,0.0141209,0.000223955,0.000200571,0.197806
8.95,5015.13,271.805,0.446097,0.0734567,0,0.00139121,0.0150418,0.000224128,0.000274025,0.198533
9,5028.4,270.006,0.55625,0.0896865,0,0.00118433,0.0163117,0.000224369,0.000338449,0.199316
9.05,5041.58,268.211,0.650927,0.102438,0,0.00093089,0.0179029,0.000224682,0.000391311,0.20017
9.1,5054.67,266.419,0.726351,0.111255,0,0.00064156,0.0197665,0.00022507,0.000430534,0.201111
9.15,5067.67,264.631,0.779552,0.115861,0,0.000329281,0.021836,0.000225531,0.000454637,0.20215
9.2,5080.58,262.846,0.808565,0.116175,0,8.20146e-06,0.0240326,0.000226059,0.000462821,0.203296
9.25,5093.4,261.064,0.812532,0.112305,0,-0.000307382,0.0262708,0.000226638,0.000455005,0.204554
9.3,5106.13,259.286,0.79174,0.104542,0,-0.000604035,0.0284647,0.000227246,0.000431805,0.205923
9.35,5118.77,257.512,0.747571,0.0933262,0,-0.000870065,0.0305335,0.000227857,0.000394468,0.207398
9.4,5131.31,255.741,0.682382,0.0792163,0,-0.00109621,0.0324069,0.00022844,0.000344771,0.208973
9.45,5143.77,253.973,0.599329,0.0628481,0,-0.00127611,0.0340292,0.000228964,0.000284882,0.210635
9.5,5156.14,252.208,0.502147,0.0448921,0,-0.00140655,0.0353618,0.000229401,0.00021721,0.212371
9.55,5168.41,250.447,0.394905,0.0260106,0,-0.00148758,0.0363853,0.000229725,0.000144244,0.214166
9.6,5180.6,248.689,0.28176,0.00681712,0,-0.00152242,0.0370996,0.000229921,6.83903e-05,0.216004
9.65,5192.7,246.934,0.16671,-0.0121638,0,-0.00151773,0.0375242,0.000229977,-8.18793e-06,0.217871
9.7,5204.71,245.182,0.0533627,-0.0305463,0,-0.00148481,0.0376997,0.00022989,-8.37674e-05,0.219752
9.75,5216.63,243.434,-0.0553508,-0.0481222,0,-0.001435,0.0376974,0.000229662,-0.000157305,0.221638
9.8,5228.46,241.688,-0.157404,-0.0644917,0,-0.00134563,0.0375261,0.0002293,-0.000227433,0.223519
9.85,5240.2,239.946,-0.250687,-0.0791564,0,-0.0012146,0.0371523,0.000228814,-0.000292032,0.225387
9.9,5251.85,238.207,-0.33284,-0.0916867,0,-0.00104613,0.0365758,0.000228221,-0.000349116,0.227231
9.95,5263.41,236.471,-0.401622,-0.10173,0,-0.000845937,0.0358147,0.000227545,-0.000396948,0.229042
10,5274.89,234.737,-0.455104,-0.109025,0,-0.000621077,0.0348997,0.000226808,-0.000434111,0.23081
10.05,5286.27,233.008,-0.491795,-0.113414,0,-0.00037962,0.0338709,0.000226038,-0.000459569,0.23253
10.1,5297.57,231.281,-0.510731,-0.114843,0,-0.000130174,0.0327744,0.00022526,-0.000472705,0.234196
10.15,5308.78,229.557,-0.511513,-0.113364,0,0.000118584,0.0316591,0.000224496,-0.000473337,0.235807
10.2,5319.91,227.836,-0.494316,-0.109123,0,0.000358369,0.0305741,0.000223767,-0.000461708,0.237362
10.25,5330.94,226.119,-0.459865,-0.102354,0,0.000581693,0.0295654,0.000223089,-0.00043846,0.238865
10.3,5341.89,224.404,-0.409373,-0.0933585,0,0.00078219,0.0286738,0.000222475,-0.00040458,0.240321
10.35,5352.74,222.693,-0.34446,-0.0824921,0,0.000954861,0.0279324,0.000221932,-0.000361344,0.241735
10.4,5363.52,220.985,-0.26705,-0.0701418,0,0.0010962,0.0273649,0.000221467,-0.000310239,0.243117
10.45,5374.2,219.279,-0.17925,-0.0567098,0,0.00120423,0.0269833,0.000221084,-0.000252888,0.244475
10.5,5384.8,217.577,-0.0832166,-0.0425968,0,0.00127827,0.0267856,0.000220785,-0.00019098,0.245818
10.55,5395.31,215.877,0.019006,-0.0281893,0,0.0013193,0.0267456,0.000220573,-0.00012622,0.247156
10.6,5405.73,214.18,0.125805,-0.0137085,0,0.00134489,0.0268388,0.000220448,-5.98704e-05,0.248495
10.65,5416.06,212.487,0.235696,0.000696039,0,0.00135465,0.0271198,0.000220413,7.40699e-06,0.249843
10.7,5426.31,210.796,0.346656,0.0147803,0,0.00134101,0.0276253,0.000220469,7.46032e-05,0.251211
10.75,5436.47,209.108,0.456389,0.0282683,0,0.00130065,0.028375,0.00022062,0.000140451,0.25261
10.8,5446.55,207.423,0.562492,0.0408782,0,0.00123248,0.0293772,0.000220869,0.000203576,0.254053
10.85,5456.53,205.741,0.662572,0.0523404,0,0.00113702,0.0306299,0.000221219,0.000262593,0.255552
10.9,5466.44,204.061,0.754358,0.0624116,0,0.00101609,0.0321213,0.000221674,0.000316174,0.25712
10.95,5476.25,202.385,0.835788,0.0708851,0,0.000872621,0.0338312,0.000222235,0.000363113,0.258768
11,5485.98,200.712,0.905092,0.0775992,0,0.000710397,0.0357316,0.000222902,0.00040237,0.260506
11.05,5495.62,199.042,0.960852,0.0824427,0,0.000533856,0.0377885,0.000223671,0.000433116,0.262343
11.1,5505.18,197.374,1.00205,0.085357,0,0.000347849,0.0399629,0.000224535,0.000454752,0.264287
11.15,5514.65,195.71,1.0281,0.0863369,0,0.000157409,0.0422134,0.000225484,0.000466929,0.266341
11.2,5524.03,194.049,1.03884,0.0854279,0,-3.24697e-05,0.044497,0.0002265,0.00046955,0.268509
11.25,5533.33,192.391,1.03455,0.0827225,0,-0.000217033,0.0467715,0.000227566,0.000462763,0.270791
11.3,5542.54,190.736,1.01592,0.0783539,0,-0.000391945,0.0489968,0.000228657,0.000446944,0.273185
11.35,5551.67,189.084,0.983976,0.0724894,0,-0.000553428,0.0511366,0.000229747,0.000422673,0.275689
11.4,5560.71,187.435,0.940088,0.0653222,0,-0.00069837,0.0531591,0.000230809,0.000390703,0.278297
11.45,5569.66,185.788,0.885866,0.0570636,0,-0.000824391,0.0550381,0.000231814,0.000351926,0.281002
11.5,5578.53,184.145,0.823113,0.0479347,0,-0.000929871,0.0567537,0.000232737,0.000307332,0.283798
11.55,5587.32,182.505,0.753761,0.0381586,0,-0.00101395,0.0582925,0.000233551,0.000257976,0.286675
11.6,5596.02,180.868,0.679797,0.0279534,0,-0.00107648,0.059647,0.000234234,0.000204936,0.289624
11.65,5604.63,179.234,0.603213,0.0175262,0,-0.00111798,0.0608163,0.000234768,0.000149283,0.292636
11.7,5613.16,177.603,0.525944,0.00706748,0,-0.00113955,0.0618046,0.000235138,9.20443e-05,0.295702
11.75,5621.61,175.975,0.449823,-0.00325232,0,-0.00114278,0.062621,0.000235334,3.41816e-05,0.298814
11.8,5629.97,174.35,0.376543,-0.0132861,0,-0.00112964,0.0632786,0.00023535,-2.34336e-05,0.301962
11.85,5638.24,172.727,0.30763,-0.0229119,0,-0.0011024,0.0637935,0.000235185,-8.00361e-05,0.305139
11.9,5646.43,171.108,0.244419,-0.0320335,0,-0.0010635,0.0641841,0.000234841,-0.000134979,0.308339
11.95,5654.54,169.492,0.188046,-0.0405798,0,-0.00101544,0.06447,0.000234321,-0.00018774,0.311556
12,5662.56,167.879,0.139444,-0.0485038,0,-0.000960611,0.0646711,0.000233633,-0.000237921,0.314785
12.05,5670.5,166.269,0.099353,-0.0557778,0,-0.000901037,0.0648069,0.000232786,-0.000285234,0.318022
12.1,5678.35,164.662,0.068324,-0.0623871,0,-0.000837969,0.0648957,0.000231788,-0.000329475,0.321265
12.15,5686.12,163.059,0.0467441,-0.0683198,0,-0.000771542,0.0649534,0.000230651,-0.000370479,0.324511
12.2,5693.8,161.458,0.0348597,-0.0735596,0,-0.00070114,0.0649931,0.000229385,-0.000408061,0.32776
12.25,5701.4,159.861,0.0328065,-0.0780868,0,-0.000626269,0.0650257,0.000228003,-0.000442009,0.33101
12.3,5708.92,158.267,0.0406305,-0.0818826,0,-0.000546826,0.0650613,0.000226515,-0.000472094,0.334262
12.35,5716.35,156.676,0.0582981,-0.0849285,0,-0.000462699,0.0651104,0.000224936,-0.000498087,0.337516
12.4,5723.7,155.089,0.0856981,-0.0872046,0,-0.000373466,0.0651842,0.000223277,-0.000519744,0.340774
12.45,5730.97,153.504,0.122638,-0.0886879,0,-0.0002786,0.0652958,0.000221552,-0.000536795,0.344035
12.5,5738.15,151.924,0.168837,-0.0893556,0,-0.000177923,0.0654598,0.000219776,-0.000548953,0.347304
12.55,5745.25,150.346,0.223916,-0.0891895,0,-7.18458e-05,0.0656924,0.000217964,-0.000555936,0.350583
12.6,5752.26,148.772,0.287396,-0.0881804,0,3.86831e-05,0.0660103,0.000216129,-0.000557495,0.353875
12.65,5759.19,147.202,0.358697,-0.0863305,0,0.000152332,0.0664302,0.000214289,-0.000553442,0.357185
12.7,5766.04,145.635,0.437147,-0.0836546,0,0.000267529,0.0669688,0.000212458,-0.00054366,0.36052
12.75,5772.81,144.071,0.521985,-0.0801806,0,0.000382572,0.0676414,0.000210654,-0.000528115,0.363884
12.8,5779.49,142.511,0.612382,-0.075949,0,0.000495709,0.0684626,0.000208892,-0.00050686,0.367286
12.85,5786.08,140.955,0.707446,-0.0710122,0,0.000605195,0.069445,0.000207189,-0.000480036,0.370733
12.9,5792.6,139.403,0.806246,-0.0654337,0,0.000709349,0.0705997,0.000205564,-0.000447869,0.374234
12.95,5799.03,137.854,0.907822,-0.0592861,0,0.000806596,0.0719354,0.000204033,-0.000410668,0.377796
13,5805.38,136.309,1.01121,-0.0526499,0,0.000895497,0.0734588,0.000202616,-0.000368817,0.381431
13.05,5811.64,134.768,1.11544,-0.0456117,0,0.000974785,0.0751743,0.00020133,-0.000322768,0.385146
13.1,5817.83,133.231,1.2196,-0.0382623,0,0.00104338,0.0770836,0.000200196,-0.000273031,0.388951
13.15,5823.93,131.698,1.32279,-0.0306952,0,0.00110042,0.0791866,0.000199232,-0.000220167,0.392857
13.2,5829.94,130.169,1.42419,-0.0230042,0,0.00114526,0.0814804,0.000198459,-0.000164771,0.396873
13.25,5835.88,128.645,1.52303,-0.0152824,0,0.00117746,0.0839604,0.000197896,-0.000107469,0.401008
13.3,5841.73,127.125,1.61863,-0.0076199,0,0.00119682,0.0866199,0.000197563,-4.89018e-05,0.405272
13.35,5847.49,125.609,1.71043,-0.000103006,0,0.00120336,0.0894506,0.000197479,1.02866e-05,0.409673
13.4,5853.18,124.098,1.79793,0.00718751,0,0.00119728,0.0924427,0.000197661,6.94561e-05,0.41422
13.45,5858.78,122.592,1.88075,0.0141773,0,0.00117898,0.0955852,0.000198126,0.000127982,0.41892
13.5,5864.3,121.091,1.95863,0.0207993,0,0.00114904,0.0988664,0.000198889,0.000185265,0.423781
13.55,5869.74,119.595,2.03141,0.0269946,0,0.00110817,0.102274,0.000199962,0.000240737,0.428809
13.6,5875.09,118.104,2.09903,0.0327125,0,0.00105721,0.105795,0.000201354,0.000293868,0.43401
13.65,5880.37,116.618,2.16155,0.0379112,0,0.000997112,0.109417,0.000203072,0.000344174,0.43939
13.7,5885.56,115.138,2.21911,0.0425575,0,0.000928887,0.113127,0.00020512,0.00039122,0.444953
13.75,5890.66,113.663,2.27196,0.046627,0,0.000853613,0.116915,0.000207497,0.000434624,0.450704
13.8,5895.69,112.194,2.32043,0.0501038,0,0.000772395,0.120767,0.000210199,0.000474055,0.456646
13.85,5900.63,110.732,2.36491,0.0529798,0,0.000686349,0.124675,0.000213219,0.000509243,0.462782
13.9,5905.49,109.275,2.40588,0.0552545,0,0.000596582,0.128629,0.000216544,0.000539969,0.469114
13.95,5910.27,107.825,2.44388,0.0569345,0,0.000504177,0.13262,0.000220159,0.00056607,0.475645
14,5914.97,106.381,2.47948,0.0580327,0,0.000410177,0.136643,0.000224044,0.000587439,0.482377
14.05,5919.58,104.944,2.5133,0.0585674,0,0.00031557,0.140691,0.000228178,0.000604015,0.48931
14.1,5924.11,103.514,2.54598,0.058562,0,0.000221288,0.14476,0.000232533,0.00061579,0.496446
14.15,5928.56,102.091,2.57819,0.0580442,0,0.000128188,0.148848,0.000237082,0.000622797,0.503786
14.2,5932.93,100.675,2.61061,0.057045,0,3.70591e-05,0.152954,0.000241792,0.000625112,0.511331
14.25,5937.21,99.2676,2.64392,0.0555984,0,-5.13912e-05,0.157077,0.000246631,0.000622848,0.519082
14.3,5941.41,97.8676,2.6788,0.0537403,0,-0.000136532,0.161219,0.000251564,0.000616153,0.527039
14.35,5945.54,96.4758,2.71591,0.0515086,0,-0.00021781,0.165382,0.000256553,0.000605203,0.535204
14.4,5949.57,95.0925,2.75589,0.0489417,0,-0.000294749,0.16957,0.00026156,0.0005902,0.543578
14.45,5953.53,93.7179,2.79939,0.0460789,0,-0.000366947,0.173789,0.000266548,0.000571371,0.552162
14.5,5957.41,92.3524,2.84698,0.0429591,0,-0.000434072,0.178043,0.000271477,0.000548957,0.560957
14.55,5961.2,90.9963,2.89925,0.0396212,0,-0.000495858,0.182339,0.000276309,0.000523219,0.569967
14.6,5964.91,89.6499,2.95673,0.0361031,0,-0.000552101,0.186686,0.000281004,0.000494425,0.579192
14.65,5968.54,88.3137,3.01992,0.0324416,0,-0.000602655,0.191092,0.000285526,0.000462857,0.588636
14.7,5972.09,86.988,3.08928,0.0286724,0,-0.000647429,0.195565,0.000289837,0.0004288,0.598302
14.75,5975.55,85.6732,3.16523,0.0248293,0,-0.000686375,0.200116,0.0002939,0.000392543,0.608194
14.8,5978.94,84.3698,3.24817,0.0209447,0,-0.000719496,0.204755,0.000297681,0.000354378,0.618315
14.85,5982.24,83.0782,3.33843,0.0170487,0,-0.000746829,0.209492,0.000301145,0.000314595,0.628671
14.9,5985.46,81.7989,3.43631,0.0131699,0,-0.000768451,0.214339,0.000304261,0.000273482,0.639266
14.95,5988.6,80.5325,3.54209,0.00933447,0,-0.000784469,0.219306,0.000306997,0.000231322,0.650107
15,5991.66,79.2794,3.65599,0.00556646,0,-0.000795021,0.224406,0.000309324,0.000188394,0.661199
15.05,5994.63,78.0402,3.77819,0.00188785,0,-0.000800271,0.229651,0.000311216,0.000144967,0.67255
15.1,5997.53,76.8155,3.90884,-0.00168159,0,-0.000800404,0.235051,0.000312645,0.000101305,0.684167
15.15,6000.34,75.606,4.04806,-0.00512426,0,-0.000795626,0.240619,0.000313589,5.76608e-05,0.696058
15.2,6003.07,74.4123,4.19591,-0.00842469,0,-0.000786161,0.246367,0.000314026,1.42763e-05,0.708232
15.25,6005.72,73.2351,4.35244,-0.0115695,0,-0.000772247,0.252308,0.000313935,-2.86165e-05,0.720698
15.3,6008.29,72.0752,4.51766,-0.0145473,0,-0.000754135,0.258451,0.000313298,-7.07979e-05,0.733466
15.35,6010.77,70.9332,4.69152,-0.0173487,0,-0.000732086,0.264811,0.0003121,-0.00011206,0.746546
15.4,6013.17,69.81,4.87396,-0.0199663,0,-0.000706368,0.271397,0.000310326,-0.000152208,0.759951
15.45,6015.49,68.7065,5.06488,-0.0223941,0,-0.000677255,0.278222,0.000307966,-0.000191061,0.77369
15.5,6017.73,67.6235,5.26415,-0.0246282,0,-0.000645025,0.285296,0.000305008,-0.000228448,0.787777
15.55,6019.89,66.562,5.47158,-0.0266661,0,-0.000609956,0.29263,0.000301446,-0.000264215,0.802224
15.6,6021.97,65.5229,5.68696,-0.0285066,0,-0.000572326,0.300235,0.000297275,-0.00029822,0.817045
15.65,6023.96,64.5073,5.91003,-0.03015,0,-0.000532411,0.308122,0.000292492,-0.000330332,0.832252
15.7,6025.87,63.5163,6.14051,-0.0315978,0,-0.000490483,0.316299,0.000287097,-0.000360436,0.847862
15.75,6027.7,62.5509,6.37804,-0.0328525,0,-0.00044681,0.324777,0.000281093,-0.000388429,0.863887
15.8,6029.45,61.6124,6.62224,-0.0339177,0,-0.000401651,0.333565,0.000274484,-0.000414218,0.880344
15.85,6031.12,60.702,6.87265,-0.0347977,0,-0.000355259,0.342671,0.000267279,-0.000437725,0.897249
15.9,6032.7,59.821,7.12877,-0.0354975,0,-0.000307876,0.352104,0.000259488,-0.000458882,0.914617
15.95,6034.2,58.9707,7.39004,-0.036023,0,-0.000259738,0.361872,0.000251127,-0.000477633,0.932465
16,6035.62,58.1524,7.6558,-0.0363801,0,-0.000211069,0.371981,0.000242211,-0.00049393,0.95081
16.05,6036.96,57.3677,7.92534,-0.0365756,0,-0.000162081,0.382439,0.000232761,-0.000507739,0.969669
16.1,6038.21,56.6179,8.19786,-0.0366162,0,-0.000112977,0.393252,0.000222801,-0.000519033,0.98906
16.15,6039.38,55.9047,8.47246,-0.0365089,0,-6.39504e-05,0.404425,0.00021236,-0.000527794,1.009
16.2,6040.47,55.2296,8.74814,-0.0362609,0,-1.51813e-05,0.415962,0.000201467,-0.000534014,1.02951
16.25,6041.48,54.5943,9.02378,-0.0358792,0,3.3159e-05,0.427867,0.000190159,-0.000537694,1.0506
16.3,6042.4,54.0003,9.29815,-0.0353709,0,8.09094e-05,0.440143,0.000178475,-0.000538839,1.0723
16.35,6043.24,53.4493,9.56987,-0.034743,0,0.000127918,0.45279,0.000166458,-0.000537464,1.09462
16.4,6044,52.9431,9.83744,-0.0340021,0,0.000174043,0.465809,0.000154155,-0.000533592,1.11759
16.45,6044.68,52.4834,10.0992,-0.0331547,0,0.000219149,0.479197,0.00014162,-0.000527251,1.14121
16.5,6045.27,52.0718,10.3532,-0.032207,0,0.000263108,0.49295,0.000128909,-0.000518477,1.16551
16.55,6045.78,51.7101,10.5976,-0.0311648,0,0.000305799,0.507061,0.000116083,-0.00050731,1.19051
16.6,6046.21,51.4,10.83,-0.0300338,0,0.000347107,0.521523,0.000103208,-0.0004938,1.21622
16.65,6046.55,51.1431,11.0482,-0.028819,0,0.00038692,0.536322,9.03548e-05,-0.000478001,1.24267
16.7,6046.81,50.9409,11.2494,-0.0275252,0,0.000425132,0.551442,7.75979e-05,-0.000459976,1.26986
16.75,6046.98,50.795,11.4308,-0.0261568,0,0.000461637,0.566865,6.50171e-05,-0.000439791,1.29782
16.8,6047.08,50.7067,11.5894,-0.0247178,0,0.000496334,0.582564,5.26964e-05,-0.000417524,1.32655
16.85,6047.09,50.6773,11.7219,-0.0232119,0,0.000529122,0.598511,4.07236e-05,-0.000393257,1.35608
