v,a,p,T,Y
0.063,85.123,56.504,988.226,0.503
0.062,85.12,56.504,988.226,0.503
0.06,85.116,56.504,988.226,0.503
0.058,85.113,56.504,988.226,0.503
0.056,85.11,56.504,988.226,0.503
0.055,85.106,56.504,988.226,0.503
0.053,85.103,56.504,988.226,0.503
0.051,85.1,56.504,988.226,0.503
0.05,85.096,56.504,988.226,0.503
0.048,85.093,56.504,988.226,0.503
0.01,85.02,56.504,988.226,0.503
0.063,84.878,56.504,988.226,0.502
0.198,84.614,56.504,988.226,0.502
0.407,84.208,56.504,988.226,0.502
0.689,83.661,56.504,988.226,0.502
1.045,82.974,56.504,988.226,0.502
1.473,82.149,56.504,988.226,0.502
1.975,81.186,56.504,988.226,0.502
2.549,80.089,56.504,988.226,0.502
3.197,78.861,56.504,988.226,0.501
3.886,77.567,56.504,988.225,0.501
4.583,76.27,56.504,988.225,0.501
5.29,74.97,56.504,988.225,0.5
6.004,73.671,56.503,988.224,0.5
,,,,
6.728,72.374,56.503,988.224,0.499
7.46,71.079,56.503,988.223,0.499
8.201,69.789,56.503,988.223,0.498
8.949,68.509,56.503,988.222,0.498
9.693,67.257,56.503,988.222,0.497
10.432,66.036,56.503,988.221,0.497
11.165,64.846,56.503,988.22,0.496
11.893,63.688,56.503,988.219,0.495
12.616,62.561,56.503,988.218,0.495
13.333,61.464,56.503,988.218,0.494
14.045,60.398,56.503,988.217,0.493
14.751,59.362,56.503,988.216,0.493
15.453,58.355,56.502,988.214,0.492
16.153,57.37,56.502,988.213,0.491
16.853,56.407,56.502,988.212,0.491
17.553,55.465,56.502,988.211,0.49
18.253,54.545,56.502,988.21,0.489
18.952,53.645,56.502,988.208,0.488
19.651,52.767,56.502,988.207,0.488
20.349,51.909,56.502,988.206,0.487
21.047,51.07,56.501,988.204,0.486
21.745,50.252,56.501,988.203,0.485
22.442,49.453,56.501,988.201,0.485
23.14,48.673,56.501,988.199,0.484
23.836,47.912,56.501,988.198,0.483
24.533,47.169,56.501,988.196,0.482
25.229,46.443,56.5,988.194,0.482
25.924,45.735,56.5,988.192,0.481
26.62,45.044,56.5,988.19,0.481
27.315,44.37,56.5,988.189,0.481
28.009,43.712,56.5,988.187,0.481
28.704,43.069,56.5,988.185,0.481
29.398,42.442,56.499,988.182,0.481
30.091,41.83,56.499,988.18,0.481
30.785,41.233,56.499,988.178,0.481
31.478,40.649,56.499,988.176,0.481
32.17,40.08,56.498,988.174,0.481
32.862,39.524,56.498,988.171,0.481
33.554,38.981,56.498,988.169,0.481
34.246,38.45,56.498,988.167,0.481
34.937,37.932,56.497,988.164,0.481
35.628,37.426,56.497,988.162,0.481
36.318,36.932,56.497,988.159,0.481
37.008,36.449,56.497,988.156,0.481
37.698,35.977,56.496,988.154,0.481
38.387,35.515,56.496,988.151,0.481
39.077,35.064,56.496,988.148,0.481
39.765,34.624,56.496,988.146,0.481
40.454,34.193,56.495,988.143,0.481
41.142,33.771,56.495,988.14,0.481
41.829,33.359,56.495,988.137,0.481
42.517,32.956,56.494,988.134,0.481
43.204,32.562,56.494,988.131,0.481
43.89,32.176,56.494,988.128,0.481
44.577,31.798,56.494,988.125,0.481
45.263,31.428,56.493,988.121,0.481
45.95,31.066,56.493,988.118,0.481
46.637,30.711,56.493,988.115,0.481
47.325,30.363,56.492,988.111,0.481
48.012,30.022,56.492,988.108,0.481
48.7,29.688,56.492,988.105,0.481
49.388,29.36,56.491,988.101,0.481
50.076,29.039,56.491,988.098,0.481
50.764,28.724,56.49,988.094,0.481
51.453,28.415,56.49,988.09,0.481
52.142,28.113,56.49,988.087,0.481
52.831,27.816,56.489,988.083,0.481
53.52,27.524,56.489,988.079,0.481
54.209,27.238,56.489,988.075,0.481
54.899,26.958,56.488,988.071,0.481
55.588,26.683,56.488,988.067,0.481
56.278,26.412,56.487,988.063,0.481
56.969,26.147,56.487,988.059,0.481
57.659,25.887,56.487,988.055,0.481
58.35,25.631,56.486,988.051,0.481
59.04,25.38,56.486,988.047,0.482
59.731,25.133,56.485,988.043,0.482
60.422,24.891,56.485,988.039,0.482
61.114,24.653,56.485,988.034,0.482
61.805,24.419,56.484,988.03,0.482
62.497,24.189,56.484,988.025,0.482
63.189,23.964,56.483,988.021,0.482
63.881,23.742,56.483,988.016,0.482
64.574,23.523,56.482,988.012,0.482
65.266,23.309,56.482,988.007,0.482
65.959,23.098,56.481,988.003,0.482
66.652,22.891,56.481,987.998,0.482
67.345,22.687,56.48,987.993,0.482
68.038,22.486,56.48,987.988,0.482
68.732,22.289,56.479,987.983,0.482
69.426,22.095,56.479,987.978,0.482
70.12,21.904,56.478,987.973,0.482
70.814,21.716,56.478,987.968,0.482
71.508,21.531,56.477,987.963,0.482
72.203,21.349,56.477,987.958,0.482
72.897,21.17,56.476,987.953,0.482
73.592,20.994,56.476,987.948,0.482
74.288,20.82,56.475,987.943,0.482
74.983,20.65,56.475,987.937,0.482
75.678,20.481,56.474,987.932,0.482
76.374,20.316,56.474,987.926,0.482
77.07,20.152,56.473,987.921,0.482
77.766,19.992,56.473,987.916,0.482
78.463,19.833,56.472,987.91,0.482
79.159,19.677,56.472,987.904,0.482
79.856,19.523,56.471,987.899,0.482
80.553,19.372,56.47,987.893,0.482
81.25,19.223,56.47,987.887,0.482
81.947,19.076,56.469,987.881,0.482
82.645,18.931,56.469,987.876,0.482
83.343,18.788,56.468,987.87,0.482
84.041,18.647,56.467,987.864,0.482
84.739,18.508,56.467,987.858,0.482
85.437,18.371,56.466,987.852,0.482
86.135,18.236,56.466,987.845,0.482
86.834,18.102,56.465,987.839,0.482
87.533,17.971,56.464,987.833,0.482
88.232,17.842,56.464,987.827,0.482
88.932,17.714,56.463,987.821,0.482
89.631,17.588,56.463,987.814,0.482
90.331,17.463,56.462,987.808,0.482
91.031,17.34,56.461,987.801,0.482
,,,,
91.731,17.219,56.461,987.795,0.482
92.781,17.033,56.46,987.785,0.482
94.358,16.76,56.458,987.77,0.482
96.725,16.363,56.456,987.747,0.482
100.235,15.803,56.452,987.712,0.482
103.75,15.273,56.449,987.676,0.482
107.271,14.77,56.445,987.638,0.482
110.796,14.292,56.441,987.599,0.482
114.326,13.837,56.437,987.559,0.483
117.861,13.401,56.433,987.518,0.483
121.401,12.984,56.429,987.475,0.483
124.946,12.584,56.424,987.431,0.483
128.496,12.198,56.42,987.386,0.483
132.049,11.827,56.415,987.34,0.483
135.603,11.468,56.41,987.292,0.483
139.159,11.121,56.406,987.243,0.483
142.717,10.783,56.401,987.193,0.483
146.276,10.455,56.395,987.141,0.484
149.837,10.136,56.39,987.089,0.484
153.4,9.824,56.385,987.035,0.484
156.964,9.518,56.379,986.979,0.484
160.529,9.219,56.374,986.923,0.484
164.097,8.924,56.368,986.865,0.484
167.666,8.634,56.362,986.806,0.484
171.236,8.348,56.356,986.745,0.484
174.808,8.066,56.35,986.684,0.485
178.381,7.787,56.344,986.621,0.485
181.956,7.51,56.337,986.557,0.485
185.532,7.236,56.331,986.491,0.485
189.11,6.963,56.324,986.425,0.485
192.689,6.692,56.317,986.357,0.485
196.27,6.421,56.31,986.287,0.485
199.851,6.152,56.303,986.217,0.486
203.434,5.884,56.296,986.145,0.486
207.019,5.616,56.289,986.072,0.486
210.604,5.348,56.281,985.997,0.486
214.19,5.081,56.274,985.922,0.486
217.778,4.814,56.266,985.845,0.486
221.367,4.546,56.258,985.767,0.487
224.956,4.279,56.25,985.687,0.487
228.546,4.012,56.242,985.606,0.487
232.138,3.745,56.234,985.524,0.487
235.729,3.478,56.226,985.441,0.487
239.318,3.212,56.217,985.357,0.487
242.905,2.945,56.209,985.271,0.488
246.489,2.68,56.2,985.184,0.488
250.072,2.415,56.191,985.095,0.488
253.651,2.151,56.182,985.006,0.488
257.229,1.888,56.173,984.915,0.488
260.803,1.627,56.164,984.823,0.489
264.375,1.368,56.155,984.729,0.489
267.944,1.11,56.145,984.634,0.489
271.509,0.856,56.136,984.539,0.489
275.072,0.604,56.126,984.441,0.489
278.632,0.357,56.116,984.343,0.49
282.188,0.112,56.106,984.243,0.49
285.741,0.127,56.096,984.142,0.49
289.29,0.362,56.086,984.04,0.49
292.836,0.591,56.076,983.937,0.491
296.378,0.814,56.065,983.832,0.491
299.916,1.03,56.055,983.726,0.491
303.45,1.239,56.044,983.619,0.491
306.981,1.44,56.033,983.511,0.492
310.507,1.633,56.022,983.401,0.492
314.03,1.816,56.011,983.29,0.492
317.548,1.99,56,983.178,0.492
321.063,2.154,55.989,983.065,0.493
324.573,2.307,55.977,982.95,0.493
328.08,2.45,55.966,982.835,0.493
331.583,2.581,55.954,982.718,0.493
335.082,2.7,55.942,982.6,0.494
338.577,2.807,55.93,982.48,0.494
342.066,2.901,55.918,982.36,0.494
345.549,2.982,55.906,982.238,0.494
349.025,3.05,55.894,982.115,0.495
352.496,3.105,55.882,981.991,0.495
355.962,3.146,55.869,981.866,0.495
359.422,3.173,55.857,981.739,0.496
362.876,3.186,55.844,981.611,0.496
366.326,3.185,55.831,981.482,0.496
369.771,3.17,55.818,981.352,0.496
373.212,3.141,55.805,981.221,0.497
376.648,3.097,55.792,981.089,0.497
380.081,3.04,55.778,980.955,0.497
383.509,2.969,55.765,980.82,0.498
386.934,2.885,55.751,980.684,0.498
390.356,2.787,55.738,980.547,0.498
393.775,2.677,55.724,980.409,0.498
397.19,2.554,55.71,980.269,0.499
400.603,2.42,55.696,980.129,0.499
404.013,2.275,55.682,979.987,0.499
407.42,2.119,55.667,979.844,0.5
410.825,1.953,55.653,979.7,0.5
414.227,1.779,55.639,979.555,0.5
417.627,1.597,55.624,979.408,0.501
421.024,1.408,55.609,979.26,0.501
424.419,1.213,55.594,979.112,0.501
427.81,1.014,55.579,978.962,0.502
431.199,0.812,55.564,978.811,0.502
434.585,0.607,55.549,978.658,0.502
437.967,0.402,55.534,978.505,0.503
441.347,0.197,55.518,978.35,0.503
444.722,0.005,55.503,978.194,0.503
448.094,0.204,55.487,978.037,0.504
451.461,0.398,55.471,977.879,0.504
454.824,0.586,55.456,977.72,0.504
458.183,0.766,55.44,977.56,0.505
461.537,0.936,55.423,977.398,0.505
464.886,1.096,55.407,977.235,0.505
468.23,1.244,55.391,977.071,0.506
471.569,1.379,55.374,976.906,0.506
474.902,1.501,55.358,976.74,0.507
478.23,1.607,55.341,976.572,0.507
481.552,1.698,55.324,976.404,0.507
484.867,1.773,55.307,976.234,0.508
488.176,1.831,55.29,976.063,0.508
491.476,1.871,55.273,975.891,0.508
494.77,1.894,55.256,975.717,0.509
498.056,1.899,55.238,975.543,0.509
501.334,1.887,55.221,975.367,0.509
504.605,1.856,55.203,975.191,0.51
507.868,1.809,55.186,975.013,0.51
511.123,1.744,55.168,974.834,0.511
514.371,1.663,55.15,974.654,0.511
517.612,1.567,55.132,974.472,0.511
520.845,1.456,55.113,974.29,0.512
524.07,1.333,55.095,974.106,0.512
527.287,1.196,55.077,973.922,0.513
530.496,1.05,55.058,973.736,0.513
533.697,0.894,55.039,973.549,0.513
536.89,0.731,55.021,973.361,0.514
540.075,0.563,55.002,973.172,0.514
543.251,0.39,54.983,972.981,0.515
546.418,0.216,54.964,972.79,0.515
549.577,0.043,54.945,972.597,0.515
552.726,0.129,54.925,972.404,0.516
555.866,0.295,54.906,972.209,0.516
558.997,0.456,54.886,972.013,0.517
562.118,0.608,54.867,971.817,0.517
565.23,0.749,54.847,971.619,0.517
568.332,0.879,54.827,971.42,0.518
571.425,0.995,54.807,971.22,0.518
574.508,1.096,54.787,971.019,0.519
577.583,1.18,54.767,970.817,0.519
580.652,1.248,54.747,970.613,0.52
583.713,1.298,54.726,970.409,0.52
586.768,1.329,54.706,970.204,0.52
589.816,1.341,54.685,969.998,0.521
592.858,1.335,54.665,969.79,0.521
595.894,1.31,54.644,969.582,0.522
598.925,1.266,54.623,969.372,0.522
601.951,1.205,54.602,969.162,0.523
604.971,1.127,54.581,968.95,0.523
607.987,1.034,54.56,968.738,0.524
610.998,0.926,54.538,968.524,0.524
614.005,0.807,54.517,968.31,0.524
617.007,0.677,54.495,968.094,0.525
620.005,0.538,54.474,967.878,0.525
622.998,0.393,54.452,967.66,0.526
625.986,0.244,54.43,967.441,0.526
628.97,0.094,54.408,967.222,0.527
631.949,0.055,54.386,967.001,0.527
634.922,0.201,54.364,966.779,0.528
637.891,0.34,54.342,966.556,0.528
640.853,0.472,54.32,966.333,0.529
643.81,0.593,54.297,966.108,0.529
646.761,0.701,54.275,965.882,0.53
649.707,0.796,54.252,965.655,0.53
652.649,0.874,54.229,965.427,0.531
655.585,0.935,54.206,965.198,0.531
658.516,0.978,54.183,964.968,0.531
661.443,1.003,54.16,964.737,0.532
664.364,1.008,54.137,964.505,0.532
667.281,0.994,54.114,964.272,0.533
670.192,0.962,54.091,964.038,0.533
673.098,0.912,54.067,963.803,0.534
675.999,0.845,54.044,963.567,0.534
678.894,0.763,54.02,963.33,0.535
681.784,0.666,53.996,963.092,0.535
684.644,0.559,53.972,962.853,0.536
687.428,0.441,53.949,962.613,0.536
690.133,0.317,53.924,962.372,0.537
692.76,0.188,53.9,962.13,0.537
695.261,0.058,53.876,961.887,0.538
697.376,0.072,53.852,961.643,0.538
699.008,0.198,53.827,961.399,0.538
700.165,0.318,53.803,961.154,0.539
701.029,0.429,53.779,960.909,0.539
701.629,0.53,53.754,960.664,0.539
701.985,0.617,53.73,960.418,0.539
702.209,0.691,53.705,960.173,0.539
702.32,0.748,53.681,959.927,0.539
702.316,0.788,53.656,959.682,0.539
702.199,0.811,53.632,959.436,0.539
701.972,0.817,53.607,959.191,0.539
701.656,0.805,53.583,958.945,0.539
701.256,0.775,53.558,958.7,0.539
700.778,0.73,53.534,958.455,0.539
700.253,0.669,53.509,958.21,0.539
699.689,0.595,53.485,957.965,0.539
699.086,0.509,53.46,957.721,0.539
698.445,0.413,53.436,957.476,0.538
697.765,0.309,53.412,957.232,0.538
697.07,0.2,53.387,956.989,0.538
,,,,
697,0.189,53.385,956.964,0.538
696.895,0.172,53.381,956.928,0.538
696.738,0.147,53.376,956.873,0.538
696.503,0.109,53.368,956.791,0.538
696.15,0.052,53.355,956.667,0.538
695.621,0.033,53.337,956.483,0.538
694.926,0.144,53.313,956.24,0.538
694.232,0.249,53.289,955.997,0.538
693.54,0.349,53.264,955.754,0.538
692.849,0.44,53.24,955.512,0.537
692.159,0.52,53.216,955.27,0.537
691.47,0.589,53.192,955.028,0.537
690.783,0.644,53.168,954.787,0.537
690.096,0.685,53.144,954.548,0.537
689.41,0.712,53.12,954.319,0.537
688.725,0.723,53.096,954.089,0.537
688.041,0.72,53.072,953.86,0.537
687.357,0.702,53.048,953.631,0.537
686.675,0.669,53.024,953.402,0.536
685.993,0.623,53,953.174,0.536
685.313,0.565,52.976,952.945,0.536
684.633,0.496,52.952,952.717,0.536
683.953,0.418,52.928,952.489,0.536
683.275,0.332,52.904,952.262,0.536
682.596,0.241,52.88,952.034,0.536
681.919,0.146,52.857,951.807,0.536
681.242,0.049,52.833,951.58,0.535
680.565,0.048,52.809,951.354,0.535
679.888,0.143,52.785,951.127,0.535
679.212,0.234,52.762,950.901,0.535
678.536,0.319,52.738,950.675,0.535
677.86,0.397,52.714,950.449,0.535
677.185,0.465,52.691,950.223,0.535
676.509,0.524,52.667,949.998,0.535
675.834,0.571,52.644,949.773,0.535
675.16,0.607,52.62,949.548,0.534
674.486,0.63,52.597,949.323,0.534
673.813,0.64,52.573,949.099,0.534
673.141,0.638,52.55,948.875,0.534
672.469,0.623,52.526,948.651,0.534
671.799,0.597,52.503,948.427,0.534
671.13,0.559,52.479,948.204,0.534
670.462,0.51,52.456,947.98,0.534
669.795,0.452,52.433,947.757,0.534
669.13,0.386,52.409,947.535,0.533
668.466,0.313,52.386,947.312,0.533
667.803,0.235,52.363,947.09,0.533
667.142,0.153,52.339,946.868,0.533
666.483,0.069,52.316,946.646,0.533
665.824,0.015,52.293,946.424,0.533
665.167,0.098,52.27,946.203,0.533
664.511,0.178,52.247,945.981,0.533
663.856,0.254,52.223,945.76,0.533
663.202,0.324,52.2,945.54,0.533
662.55,0.387,52.177,945.319,0.532
661.898,0.442,52.154,945.099,0.532
661.247,0.489,52.131,944.879,0.532
660.597,0.525,52.108,944.659,0.532
659.948,0.551,52.085,944.439,0.532
659.299,0.567,52.062,944.219,0.532
658.652,0.572,52.039,944,0.532
658.005,0.566,52.016,943.781,0.532
657.359,0.55,51.993,943.562,0.532
656.714,0.523,51.97,943.344,0.531
656.069,0.488,51.947,943.125,0.531
655.425,0.444,51.925,942.907,0.531
654.782,0.392,51.902,942.689,0.531
654.139,0.333,51.879,942.471,0.531
653.497,0.269,51.856,942.254,0.531
652.856,0.201,51.833,942.036,0.531
652.215,0.129,51.811,941.819,0.531
651.574,0.057,51.788,941.602,0.531
650.934,0.016,51.765,941.386,0.531
650.294,0.088,51.743,941.169,0.53
649.654,0.158,51.72,940.953,0.53
649.015,0.223,51.697,940.737,0.53
648.376,0.284,51.675,940.521,0.53
647.738,0.339,51.652,940.306,0.53
647.1,0.388,51.63,940.09,0.53
646.462,0.429,51.607,939.875,0.53
645.825,0.462,51.585,939.66,0.53
645.188,0.486,51.562,939.445,0.53
644.552,0.501,51.54,939.231,0.53
643.917,0.507,51.517,939.017,0.529
643.282,0.504,51.495,938.803,0.529
642.648,0.493,51.472,938.589,0.529
642.015,0.472,51.45,938.375,0.529
641.383,0.444,51.428,938.162,0.529
640.752,0.408,51.405,937.948,0.529
640.122,0.366,51.383,937.736,0.529
639.493,0.317,51.361,937.523,0.529
638.865,0.263,51.339,937.31,0.529
638.238,0.206,51.316,937.098,0.529
637.612,0.145,51.294,936.886,0.528
636.988,0.082,51.272,936.674,0.528
636.364,0.019,51.25,936.462,0.528
635.742,0.044,51.228,936.251,0.528
635.12,0.106,51.205,936.039,0.528
634.5,0.165,51.183,935.828,0.528
633.88,0.22,51.161,935.618,0.528
633.262,0.272,51.139,935.407,0.528
632.644,0.318,51.117,935.197,0.528
632.027,0.358,51.095,934.986,0.528
631.411,0.392,51.073,934.776,0.528
630.795,0.419,51.051,934.567,0.527
630.181,0.438,51.029,934.357,0.527
629.567,0.45,51.007,934.148,0.527
628.954,0.454,50.985,933.938,0.527
628.341,0.451,50.964,933.729,0.527
627.73,0.44,50.942,933.521,0.527
627.118,0.422,50.92,933.312,0.527
626.508,0.397,50.898,933.104,0.527
625.898,0.366,50.876,932.895,0.527
625.288,0.329,50.854,932.687,0.527
624.68,0.286,50.833,932.48,0.527
624.071,0.24,50.811,932.272,0.526
623.464,0.19,50.789,932.065,0.526
622.856,0.138,50.768,931.858,0.526
622.249,0.084,50.746,931.651,0.526
621.643,0.029,50.724,931.444,0.526
621.037,0.026,50.703,931.237,0.526
620.431,0.08,50.681,931.031,0.526
619.826,0.132,50.659,930.825,0.526
619.221,0.181,50.638,930.619,0.526
618.617,0.227,50.616,930.413,0.526
618.013,0.269,50.595,930.208,0.526
617.409,0.306,50.573,930.002,0.525
616.806,0.337,50.552,929.797,0.525
616.203,0.363,50.53,929.592,0.525
615.601,0.383,50.509,929.388,0.525
614.999,0.396,50.487,929.183,0.525
614.398,0.403,50.466,928.979,0.525
613.797,0.403,50.445,928.775,0.525
613.197,0.397,50.423,928.571,0.525
612.598,0.385,50.402,928.368,0.525
612,0.367,50.381,928.164,0.525
611.402,0.343,50.359,927.961,0.525
610.806,0.314,50.338,927.758,0.524
610.21,0.28,50.317,927.555,0.524
609.615,0.243,50.296,927.352,0.524
609.021,0.202,50.275,927.15,0.524
608.427,0.158,50.253,926.948,0.524
607.835,0.112,50.232,926.746,0.524
607.244,0.064,50.211,926.544,0.524
606.653,0.017,50.19,926.342,0.524
606.063,0.031,50.169,926.141,0.524
605.475,0.078,50.148,925.94,0.524
604.887,0.123,50.127,925.739,0.524
604.299,0.165,50.106,925.538,0.524
603.713,0.205,50.085,925.337,0.523
603.127,0.241,50.064,925.137,0.523
602.542,0.274,50.043,924.937,0.523
601.958,0.301,50.022,924.737,0.523
601.374,0.324,50.001,924.537,0.523
600.791,0.342,49.98,924.337,0.523
600.209,0.355,49.959,924.138,0.523
599.628,0.362,49.938,923.939,0.523
599.047,0.363,49.917,923.74,0.523
598.466,0.359,49.897,923.541,0.523
597.887,0.35,49.876,923.342,0.523
597.307,0.336,49.855,923.144,0.523
596.729,0.316,49.834,922.945,0.522
596.15,0.293,49.813,922.747,0.522
595.573,0.265,49.793,922.549,0.522
594.996,0.233,49.772,922.352,0.522
594.419,0.199,49.751,922.154,0.522
593.843,0.161,49.731,921.957,0.522
593.267,0.122,49.71,921.76,0.522
592.692,0.082,49.689,921.563,0.522
592.117,0.04,49.669,921.366,0.522
591.542,0.001,49.648,921.17,0.522
590.968,0.043,49.628,920.973,0.522
590.395,0.083,49.607,920.777,0.522
589.821,0.121,49.587,920.581,0.521
589.248,0.158,49.566,920.386,0.521
588.676,0.191,49.546,920.19,0.521
588.104,0.222,49.525,919.995,0.521
587.532,0.249,49.505,919.8,0.521
586.961,0.272,49.484,919.605,0.521
586.39,0.291,49.464,919.41,0.521
585.82,0.306,49.444,919.215,0.521
585.25,0.316,49.423,919.021,0.521
584.681,0.322,49.403,918.827,0.521
584.112,0.323,49.383,918.633,0.521
583.544,0.319,49.362,918.439,0.521
582.976,0.311,49.342,918.245,0.521
582.409,0.298,49.322,918.052,0.52
581.843,0.282,49.302,917.859,0.52
581.278,0.262,49.281,917.666,0.52
580.713,0.238,49.261,917.473,0.52
580.149,0.211,49.241,917.28,0.52
579.585,0.181,49.221,917.088,0.52
579.023,0.149,49.201,916.896,0.52
578.461,0.115,49.181,916.704,0.52
577.899,0.08,49.16,916.512,0.52
577.339,0.044,49.14,916.32,0.52
576.779,0.008,49.12,916.129,0.52
576.22,0.028,49.1,915.938,0.52
575.662,0.063,49.08,915.746,0.52
575.104,0.097,49.06,915.556,0.519
574.547,0.13,49.04,915.365,0.519
573.991,0.16,49.02,915.174,0.519
573.435,0.188,49,914.984,0.519
572.88,0.213,48.981,914.794,0.519
572.326,0.235,48.961,914.604,0.519
571.772,0.254,48.941,914.414,0.519
571.219,0.269,48.921,914.225,0.519
570.666,0.281,48.901,914.035,0.519
570.114,0.288,48.881,913.846,0.519
569.563,0.291,48.862,913.657,0.519
569.012,0.291,48.842,913.468,0.519
568.461,0.287,48.822,913.28,0.519
567.912,0.279,48.802,913.091,0.518
567.362,0.267,48.783,912.903,0.518
566.813,0.252,48.763,912.715,0.518
566.265,0.234,48.743,912.527,0.518
565.717,0.213,48.724,912.339,0.518
565.169,0.189,48.704,912.152,0.518
564.622,0.163,48.684,911.964,0.518
564.075,0.135,48.665,911.777,0.518
563.529,0.105,48.645,911.59,0.518
562.983,0.075,48.626,911.403,0.518
562.438,0.044,48.606,911.217,0.518
561.893,0.012,48.586,911.03,0.518
561.348,0.019,48.567,910.844,0.518
560.804,0.05,48.547,910.658,0.518
560.26,0.08,48.528,910.472,0.517
559.716,0.109,48.509,910.286,0.517
559.173,0.135,48.489,910.101,0.517
558.63,0.16,48.47,909.916,0.517
558.088,0.183,48.45,909.73,0.517
557.546,0.203,48.431,909.545,0.517
557.005,0.22,48.412,909.361,0.517
556.463,0.234,48.392,909.176,0.517
555.923,0.246,48.373,908.992,0.517
555.382,0.253,48.354,908.808,0.517
554.843,0.258,48.334,908.624,0.517
554.303,0.259,48.315,908.44,0.517
553.765,0.257,48.296,908.256,0.517
553.227,0.252,48.277,908.073,0.517
552.689,0.244,48.258,907.889,0.516
552.152,0.232,48.238,907.706,0.516
551.615,0.218,48.219,907.523,0.516
551.079,0.201,48.2,907.341,0.516
550.544,0.182,48.181,907.158,0.516
550.009,0.161,48.162,906.976,0.516
549.475,0.138,48.143,906.794,0.516
548.941,0.113,48.124,906.612,0.516
548.408,0.087,48.105,906.43,0.516
547.876,0.061,48.086,906.248,0.516
547.344,0.033,48.067,906.067,0.516
546.813,0.006,48.048,905.885,0.516
546.283,0.021,48.029,905.704,0.516
545.753,0.048,48.01,905.524,0.516
545.223,0.074,47.991,905.343,0.516
544.695,0.099,47.972,905.162,0.515
544.167,0.123,47.953,904.982,0.515
543.639,0.145,47.934,904.802,0.515
543.112,0.164,47.915,904.622,0.515
542.585,0.182,47.897,904.442,0.515
542.059,0.198,47.878,904.262,0.515
541.534,0.211,47.859,904.083,0.515
541.009,0.221,47.84,903.903,0.515
540.484,0.229,47.821,903.724,0.515
539.96,0.234,47.803,903.545,0.515
539.437,0.236,47.784,903.367,0.515
538.914,0.235,47.765,903.188,0.515
538.391,0.231,47.747,903.01,0.515
537.869,0.225,47.728,902.831,0.515
537.348,0.216,47.709,902.653,0.515
536.826,0.205,47.691,902.476,0.514
536.306,0.192,47.672,902.298,0.514
535.785,0.176,47.653,902.12,0.514
535.265,0.158,47.635,901.943,0.514
534.746,0.139,47.616,901.766,0.514
534.226,0.119,47.598,901.589,0.514
533.708,0.097,47.579,901.412,0.514
533.189,0.074,47.561,901.235,0.514
532.671,0.05,47.542,901.059,0.514
532.153,0.027,47.524,900.883,0.514
531.636,0.003,47.505,900.706,0.514
531.119,0.021,47.487,900.531,0.514
530.603,0.044,47.469,900.355,0.514
530.086,0.067,47.45,900.179,0.514
529.57,0.089,47.432,900.004,0.514
529.055,0.109,47.413,899.829,0.514
528.54,0.128,47.395,899.654,0.513
528.025,0.145,47.377,899.479,0.513
527.51,0.161,47.358,899.304,0.513
526.996,0.174,47.34,899.129,0.513
526.483,0.186,47.322,898.955,0.513
525.97,0.195,47.304,898.781,0.513
525.457,0.202,47.285,898.614,0.513
524.944,0.207,47.267,898.448,0.513
524.432,0.209,47.249,898.283,0.513
523.921,0.209,47.231,898.118,0.513
523.41,0.206,47.213,897.953,0.513
522.899,0.202,47.195,897.788,0.513
522.389,0.195,47.177,897.623,0.513
521.879,0.186,47.158,897.459,0.513
521.37,0.175,47.14,897.294,0.513
520.861,0.162,47.122,897.13,0.513
520.353,0.147,47.104,896.966,0.512
519.845,0.131,47.086,896.802,0.512
519.338,0.114,47.068,896.639,0.512
518.831,0.095,47.05,896.475,0.512
518.325,0.076,47.032,896.312,0.512
517.82,0.056,47.014,896.149,0.512
517.314,0.035,46.996,895.986,0.512
516.81,0.014,46.979,895.823,0.512
516.306,0.006,46.961,895.66,0.512
515.802,0.027,46.943,895.498,0.512
515.299,0.047,46.925,895.335,0.512
514.796,0.067,46.907,895.173,0.512
514.294,0.085,46.889,895.011,0.512
513.792,0.103,46.871,894.849,0.512
513.291,0.119,46.854,894.688,0.512
512.791,0.134,46.836,894.526,0.512
512.29,0.148,46.818,894.365,0.511
511.791,0.16,46.8,894.204,0.511
511.291,0.17,46.783,894.042,0.511
510.792,0.178,46.765,893.882,0.511
510.294,0.184,46.747,893.721,0.511
509.796,0.189,46.73,893.56,0.511
509.298,0.191,46.712,893.4,0.511
508.801,0.191,46.694,893.24,0.511
508.304,0.19,46.677,893.08,0.511
507.808,0.186,46.659,892.92,0.511
507.312,0.181,46.642,892.76,0.511
506.816,0.173,46.624,892.6,0.511
506.321,0.164,46.607,892.441,0.511
505.826,0.154,46.589,892.282,0.511
505.332,0.142,46.571,892.122,0.511
504.838,0.128,46.554,891.964,0.511
504.344,0.114,46.537,891.805,0.511
503.851,0.098,46.519,891.646,0.51
503.358,0.081,46.502,891.488,0.51
502.865,0.064,46.484,891.329,0.51
502.373,0.046,46.467,891.171,0.51
501.881,0.028,46.449,891.013,0.51
501.389,0.01,46.432,890.855,0.51
500.898,0.008,46.415,890.698,0.51
500.407,0.026,46.397,890.54,0.51
499.916,0.043,46.38,890.383,0.51
499.425,0.06,46.363,890.226,0.51
498.935,0.076,46.346,890.068,0.51
498.446,0.091,46.328,889.912,0.51
497.956,0.105,46.311,889.755,0.51
497.467,0.118,46.294,889.598,0.51
496.979,0.13,46.277,889.442,0.51
496.49,0.14,46.259,889.286,0.51
496.002,0.149,46.242,889.13,0.51
495.515,0.156,46.225,888.974,0.51
495.027,0.162,46.208,888.818,0.509
494.541,0.166,46.191,888.662,0.509
494.054,0.168,46.174,888.507,0.509
493.568,0.169,46.157,888.352,0.509
493.082,0.168,46.14,888.196,0.509
492.597,0.165,46.123,888.042,0.509
492.112,0.161,46.106,887.887,0.509
491.627,0.155,46.089,887.732,0.509
491.143,0.148,46.072,887.578,0.509
490.66,0.139,46.055,887.423,0.509
490.176,0.129,46.038,887.269,0.509
489.693,0.118,46.021,887.115,0.509
489.211,0.105,46.004,886.961,0.509
488.729,0.092,45.987,886.807,0.509
488.248,0.078,45.97,886.654,0.509
487.766,0.063,45.953,886.501,0.509
487.286,0.048,45.936,886.347,0.509
486.805,0.033,45.919,886.194,0.509
486.326,0.017,45.903,886.041,0.508
485.846,0.001,45.886,885.889,0.508
485.367,0.015,45.869,885.736,0.508
484.889,0.03,45.852,885.584,0.508
484.411,0.045,45.836,885.431,0.508
483.933,0.06,45.819,885.279,0.508
483.456,0.074,45.802,885.127,0.508
482.979,0.087,45.785,884.975,0.508
482.503,0.099,45.769,884.824,0.508
482.027,0.111,45.752,884.672,0.508
481.551,0.121,45.735,884.521,0.508
481.076,0.13,45.719,884.37,0.508
480.601,0.138,45.702,884.218,0.508
480.126,0.144,45.686,884.068,0.508
479.652,0.149,45.669,883.917,0.508
479.179,0.153,45.652,883.766,0.508
478.705,0.155,45.636,883.616,0.508
478.232,0.156,45.619,883.466,0.508
477.76,0.156,45.603,883.315,0.508
477.288,0.154,45.586,883.165,0.507
476.816,0.151,45.57,883.016,0.507
476.344,0.146,45.553,882.866,0.507
475.873,0.14,45.537,882.716,0.507
475.402,0.133,45.52,882.567,0.507
474.932,0.125,45.504,882.418,0.507
474.461,0.116,45.488,882.269,0.507
473.992,0.106,45.471,882.12,0.507
473.522,0.095,45.455,881.971,0.507
473.053,0.083,45.439,881.822,0.507
472.584,0.071,45.422,881.674,0.507
472.115,0.058,45.406,881.526,0.507
471.647,0.044,45.39,881.378,0.507
471.179,0.031,45.373,881.23,0.507
470.711,0.017,45.357,881.082,0.507
470.244,0.003,45.341,880.934,0.507
469.777,0.011,45.325,880.787,0.507
469.31,0.024,45.308,880.639,0.507
468.844,0.037,45.292,880.492,0.507
468.377,0.05,45.276,880.345,0.507
467.912,0.062,45.26,880.198,0.506
467.446,0.073,45.244,880.051,0.506
466.981,0.084,45.228,879.905,0.506
466.516,0.094,45.212,879.758,0.506
466.051,0.103,45.195,879.612,0.506
465.587,0.111,45.179,879.466,0.506
465.123,0.118,45.163,879.32,0.506
464.659,0.124,45.147,879.174,0.506
464.196,0.129,45.131,879.028,0.506
463.733,0.133,45.115,878.882,0.506
463.27,0.135,45.099,878.737,0.506
462.808,0.136,45.083,878.592,0.506
462.346,0.136,45.067,878.447,0.506
461.884,0.135,45.051,878.302,0.506
461.423,0.133,45.035,878.157,0.506
460.962,0.13,45.019,878.012,0.506
460.501,0.125,45.004,877.868,0.506
460.041,0.12,44.988,877.723,0.506
459.581,0.113,44.972,877.579,0.506
459.121,0.106,44.956,877.435,0.506
458.662,0.098,44.94,877.291,0.506
458.203,0.088,44.924,877.148,0.505
457.745,0.079,44.909,877.004,0.505
457.287,0.068,44.893,876.86,0.505
456.829,0.058,44.877,876.717,0.505
456.372,0.046,44.861,876.574,0.505
455.915,0.035,44.846,876.431,0.505
455.458,0.023,44.83,876.288,0.505
455.002,0.011,44.814,876.146,0.505
454.546,0.001,44.798,876.003,0.505
454.09,0.013,44.783,875.861,0.505
453.635,0.025,44.767,875.718,0.505
453.18,0.036,44.752,875.576,0.505
452.726,0.048,44.736,875.434,0.505
452.272,0.058,44.72,875.292,0.505
451.818,0.068,44.705,875.151,0.505
451.365,0.078,44.689,875.009,0.505
450.912,0.087,44.674,874.868,0.505
450.459,0.095,44.658,874.727,0.505
450.007,0.103,44.643,874.586,0.505
449.555,0.109,44.627,874.445,0.505
449.103,0.115,44.612,874.304,0.505
448.652,0.119,44.596,874.163,0.504
448.201,0.123,44.581,874.023,0.504
447.751,0.126,44.565,873.883,0.504
447.3,0.128,44.55,873.742,0.504
446.85,0.129,44.534,873.602,0.504
446.401,0.128,44.519,873.462,0.504
445.951,0.127,44.504,873.323,0.504
445.502,0.125,44.488,873.183,0.504
445.054,0.122,44.473,873.044,0.504
444.605,0.118,44.458,872.904,0.504
444.157,0.113,44.442,872.765,0.504
443.709,0.107,44.427,872.626,0.504
443.262,0.101,44.412,872.487,0.504
442.814,0.094,44.397,872.349,0.504
442.367,0.086,44.381,872.21,0.504
441.921,0.077,44.366,872.072,0.504
441.474,0.068,44.351,871.933,0.504
441.028,0.059,44.336,871.795,0.504
440.582,0.049,44.32,871.657,0.504
440.137,0.039,44.305,871.519,0.504
439.692,0.029,44.29,871.382,0.504
439.247,0.019,44.275,871.244,0.504
438.802,0.008,44.26,871.107,0.503
438.357,0.002,44.245,870.969,0.503
437.913,0.012,44.23,870.832,0.503
437.469,0.023,44.215,870.695,0.503
437.026,0.032,44.2,870.558,0.503
436.582,0.042,44.185,870.422,0.503
436.139,0.051,44.17,870.285,0.503
435.696,0.06,44.155,870.149,0.503
435.254,0.068,44.14,870.013,0.503
434.812,0.075,44.125,869.876,0.503
434.37,0.082,44.11,869.74,0.503
433.928,0.088,44.095,869.605,0.503
433.487,0.094,44.08,869.469,0.503
433.045,0.099,44.065,869.333,0.503
432.605,0.103,44.05,869.198,0.503
432.164,0.106,44.035,869.063,0.503
431.724,0.108,44.02,868.928,0.503
431.284,0.11,44.005,868.793,0.503
430.844,0.11,43.991,868.658,0.503
430.405,0.11,43.976,868.523,0.503
429.966,0.109,43.961,868.389,0.503
429.527,0.107,43.946,868.254,0.503
429.088,0.105,43.931,868.12,0.503
428.65,0.101,43.917,867.986,0.502
428.212,0.097,43.902,867.852,0.502
427.775,0.092,43.887,867.718,0.502
427.338,0.087,43.873,867.585,0.502
426.901,0.081,43.858,867.451,0.502
426.464,0.074,43.843,867.318,0.502
426.028,0.067,43.829,867.185,0.502
425.592,0.06,43.814,867.052,0.502
425.156,0.052,43.799,866.919,0.502
424.721,0.043,43.785,866.786,0.502
424.286,0.035,43.77,866.653,0.502
423.851,0.026,43.756,866.521,0.502
423.417,0.017,43.741,866.388,0.502
422.983,0.008,43.726,866.256,0.502
422.549,0.001,43.712,866.124,0.502
422.115,0.01,43.697,865.992,0.502
421.682,0.019,43.683,865.86,0.502
421.249,0.028,43.668,865.729,0.502
420.817,0.037,43.654,865.597,0.502
420.385,0.045,43.639,865.466,0.502
419.953,0.053,43.625,865.335,0.502
419.521,0.06,43.611,865.204,0.502
419.09,0.067,43.596,865.073,0.502
418.659,0.074,43.582,864.942,0.502
418.228,0.08,43.567,864.811,0.501
417.798,0.086,43.553,864.681,0.501
417.368,0.091,43.539,864.55,0.501
416.938,0.095,43.524,864.42,0.501
416.509,0.099,43.51,864.29,0.501
416.079,0.102,43.496,864.16,0.501
415.65,0.104,43.482,864.03,0.501
415.222,0.106,43.467,863.901,0.501
414.793,0.107,43.453,863.771,0.501
414.365,0.107,43.439,863.642,0.501
413.938,0.106,43.425,863.512,0.501
413.51,0.105,43.41,863.383,0.501
413.083,0.103,43.396,863.254,0.501
412.656,0.101,43.382,863.125,0.501
412.229,0.098,43.368,862.997,0.501
411.803,0.094,43.354,862.868,0.501
411.376,0.09,43.34,862.74,0.501
410.95,0.085,43.326,862.611,0.501
410.525,0.08,43.311,862.483,0.501
410.099,0.074,43.297,862.355,0.501
409.674,0.068,43.283,862.227,0.501
409.249,0.061,43.269,862.1,0.501
408.825,0.054,43.255,861.972,0.501
408.4,0.047,43.241,861.845,0.501
407.976,0.04,43.227,861.717,0.501
407.552,0.032,43.213,861.59,0.5
407.128,0.024,43.199,861.463,0.5
406.705,0.017,43.185,861.336,0.5
406.282,0.009,43.171,861.21,0.5
405.859,9.65E-04,43.157,861.083,0.5
405.436,0.007,43.143,860.957,0.5
405.014,0.014,43.13,860.83,0.5
404.592,0.022,43.116,860.704,0.5
404.17,0.029,43.102,860.578,0.5
403.748,0.036,43.088,860.452,0.5
403.326,0.043,43.074,860.326,0.5
402.905,0.049,43.06,860.201,0.5
402.484,0.055,43.047,860.075,0.5
402.064,0.061,43.033,859.95,0.5
401.643,0.066,43.019,859.825,0.5
401.223,0.071,43.005,859.7,0.5
400.803,0.075,42.991,859.575,0.5
400.383,0.078,42.978,859.45,0.5
399.964,0.081,42.964,859.325,0.5
399.544,0.084,42.95,859.201,0.5
399.126,0.086,42.937,859.076,0.5
398.707,0.087,42.923,858.952,0.5
398.288,0.088,42.909,858.828,0.5
397.87,0.088,42.896,858.704,0.5
397.452,0.088,42.882,858.58,0.5
397.035,0.087,42.868,858.456,0.5
396.617,0.086,42.855,858.333,0.499
396.2,0.084,42.841,858.209,0.499
395.783,0.081,42.828,858.086,0.499
395.367,0.078,42.814,857.963,0.499
394.95,0.074,42.801,857.84,0.499
394.534,0.07,42.787,857.717,0.499
394.119,0.066,42.774,857.594,0.499
393.703,0.061,42.76,857.472,0.499
393.288,0.056,42.747,857.349,0.499
392.873,0.05,42.733,857.227,0.499
392.458,0.045,42.72,857.105,0.499
392.044,0.038,42.706,856.983,0.499
391.629,0.032,42.693,856.861,0.499
391.216,0.026,42.68,856.739,0.499
390.802,0.019,42.666,856.617,0.499
390.389,0.012,42.653,856.496,0.499
389.976,0.005,42.64,856.374,0.499
389.563,0.001,42.626,856.253,0.499
389.15,0.008,42.613,856.132,0.499
388.738,0.015,42.6,856.011,0.499
388.326,0.022,42.586,855.89,0.499
387.914,0.028,42.573,855.77,0.499
387.503,0.035,42.56,855.649,0.499
387.092,0.041,42.546,855.529,0.499
386.681,0.047,42.533,855.408,0.499
386.27,0.052,42.52,855.288,0.499
385.86,0.058,42.507,855.168,0.499
385.449,0.063,42.494,855.048,0.498
385.04,0.067,42.48,854.929,0.498
384.63,0.072,42.467,854.809,0.498
384.221,0.075,42.454,854.69,0.498
383.812,0.079,42.441,854.57,0.498
383.403,0.082,42.428,854.451,0.498
382.994,0.084,42.415,854.332,0.498
382.586,0.086,42.402,854.213,0.498
382.178,0.088,42.389,854.094,0.498
381.77,0.089,42.376,853.975,0.498
381.362,0.09,42.363,853.857,0.498
380.955,0.09,42.35,853.739,0.498
380.548,0.09,42.337,853.62,0.498
380.141,0.089,42.324,853.502,0.498
379.734,0.088,42.311,853.384,0.498
379.328,0.086,42.298,853.266,0.498
378.921,0.084,42.285,853.149,0.498
378.515,0.081,42.272,853.031,0.498
378.11,0.078,42.259,852.914,0.498
377.704,0.075,42.246,852.796,0.498
377.299,0.071,42.233,852.679,0.498
376.894,0.067,42.22,852.562,0.498
376.489,0.063,42.207,852.445,0.498
376.085,0.058,42.194,852.328,0.498
375.68,0.053,42.182,852.212,0.498
375.276,0.048,42.169,852.095,0.498
374.872,0.043,42.156,851.979,0.498
374.469,0.037,42.143,851.862,0.498
374.065,0.032,42.13,851.746,0.498
373.662,0.026,42.118,851.63,0.497
373.259,0.02,42.105,851.514,0.497
372.856,0.014,42.092,851.399,0.497
372.454,0.008,42.079,851.283,0.497
372.051,0.003,42.067,851.168,0.497
371.649,0.003,42.054,851.052,0.497
371.247,0.009,42.041,850.937,0.497
370.845,0.015,42.029,850.822,0.497
370.444,0.02,42.016,850.707,0.497
370.043,0.025,42.004,850.592,0.497
369.642,0.03,41.991,850.478,0.497
369.241,0.035,41.978,850.363,0.497
368.84,0.04,41.966,850.249,0.497
368.44,0.044,41.953,850.134,0.497
368.04,0.048,41.941,850.02,0.497
367.64,0.052,41.928,849.906,0.497
367.24,0.055,41.916,849.792,0.497
366.841,0.059,41.903,849.679,0.497
366.441,0.061,41.891,849.565,0.497
366.042,0.064,41.878,849.452,0.497
365.643,0.066,41.866,849.338,0.497
365.245,0.067,41.853,849.225,0.497
364.846,0.068,41.841,849.112,0.497
364.448,0.069,41.828,848.999,0.497
364.05,0.07,41.816,848.886,0.497
363.653,0.07,41.803,848.773,0.497
363.255,0.069,41.791,848.661,0.497
362.858,0.068,41.779,848.549,0.497
362.461,0.067,41.766,848.436,0.497
362.064,0.066,41.754,848.324,0.497
361.668,0.064,41.742,848.212,0.496
361.271,0.062,41.729,848.1,0.496
360.875,0.059,41.717,847.988,0.496
360.48,0.056,41.705,847.877,0.496
360.084,0.053,41.693,847.765,0.496
359.689,0.049,41.68,847.654,0.496
359.293,0.046,41.668,847.543,0.496
358.899,0.042,41.656,847.432,0.496
358.504,0.037,41.644,847.321,0.496
358.109,0.033,41.631,847.21,0.496
357.715,0.028,41.619,847.099,0.496
357.321,0.024,41.607,846.988,0.496
356.928,0.019,41.595,846.878,0.496
356.534,0.014,41.583,846.768,0.496
356.141,0.009,41.571,846.657,0.496
355.748,0.004,41.559,846.547,0.496
355.355,0.001,41.547,846.438,0.496
354.962,0.007,41.534,846.328,0.496
354.57,0.012,41.522,846.218,0.496
354.178,0.017,41.51,846.108,0.496
353.786,0.022,41.498,845.999,0.496
353.395,0.027,41.486,845.89,0.496
353.003,0.031,41.474,845.781,0.496
352.612,0.036,41.462,845.672,0.496
352.221,0.041,41.45,845.563,0.496
351.83,0.045,41.438,845.459,0.496
351.44,0.049,41.426,845.356,0.496
351.05,0.053,41.414,845.253,0.496
350.66,0.057,41.403,845.149,0.496
350.27,0.06,41.391,845.046,0.496
349.88,0.063,41.379,844.944,0.496
349.491,0.066,41.367,844.841,0.495
349.102,0.069,41.355,844.738,0.495
348.713,0.071,41.343,844.636,0.495
348.324,0.073,41.331,844.533,0.495
347.936,0.075,41.319,844.431,0.495
347.547,0.076,41.308,844.329,0.495
347.159,0.077,41.296,844.227,0.495
346.771,0.078,41.284,844.125,0.495
346.384,0.078,41.272,844.023,0.495
345.996,0.078,41.261,843.922,0.495
345.609,0.078,41.249,843.82,0.495
345.222,0.077,41.237,843.719,0.495
344.835,0.076,41.225,843.617,0.495
344.449,0.075,41.214,843.516,0.495
344.062,0.074,41.202,843.415,0.495
343.676,0.072,41.19,843.314,0.495
343.29,0.07,41.179,843.213,0.495
342.905,0.068,41.167,843.113,0.495
342.519,0.065,41.155,843.012,0.495
342.134,0.062,41.144,842.912,0.495
341.749,0.059,41.132,842.811,0.495
341.364,0.056,41.121,842.711,0.495
340.979,0.052,41.109,842.611,0.495
340.594,0.049,41.098,842.511,0.495
340.21,0.045,41.086,842.411,0.495
339.826,0.041,41.075,842.312,0.495
339.442,0.037,41.063,842.212,0.495
339.058,0.033,41.052,842.113,0.495
338.675,0.029,41.04,842.013,0.495
338.291,0.025,41.029,841.914,0.495
337.908,0.02,41.017,841.815,0.495
337.525,0.016,41.006,841.716,0.495
337.143,0.012,40.994,841.617,0.495
336.76,0.007,40.983,841.518,0.495
336.378,0.003,40.971,841.42,0.494
335.995,0.001,40.96,841.321,0.494
335.613,0.006,40.949,841.223,0.494
335.232,0.01,40.937,841.125,0.494
334.85,0.014,40.926,841.027,0.494
334.469,0.018,40.915,840.929,0.494
334.088,0.021,40.903,840.831,0.494
333.707,0.025,40.892,840.733,0.494
333.326,0.028,40.881,840.635,0.494
332.945,0.031,40.869,840.538,0.494
332.565,0.034,40.858,840.44,0.494
332.185,0.037,40.847,840.343,0.494
331.805,0.04,40.836,840.246,0.494
331.425,0.042,40.825,840.149,0.494
331.045,0.044,40.813,840.052,0.494
330.666,0.046,40.802,839.955,0.494
330.287,0.048,40.791,839.859,0.494
329.908,0.049,40.78,839.762,0.494
329.529,0.05,40.769,839.666,0.494
329.15,0.051,40.758,839.569,0.494
328.772,0.052,40.746,839.473,0.494
328.394,0.052,40.735,839.377,0.494
328.016,0.052,40.724,839.281,0.494
327.638,0.052,40.713,839.185,0.494
327.26,0.052,40.702,839.089,0.494
326.883,0.051,40.691,838.994,0.494
326.505,0.05,40.68,838.898,0.494
326.128,0.049,40.669,838.803,0.494
325.752,0.047,40.658,838.708,0.494
325.375,0.046,40.647,838.613,0.494
324.999,0.044,40.636,838.518,0.494
324.623,0.042,40.625,838.423,0.494
324.247,0.039,40.614,838.328,0.494
323.871,0.037,40.603,838.233,0.494
323.495,0.034,40.592,838.139,0.494
323.12,0.031,40.581,838.045,0.493
322.745,0.028,40.57,837.95,0.493
322.37,0.025,40.559,837.856,0.493
321.995,0.022,40.549,837.762,0.493
321.62,0.018,40.538,837.668,0.493
321.246,0.015,40.527,837.574,0.493
320.872,0.011,40.516,837.481,0.493
320.498,0.007,40.505,837.387,0.493
320.124,0.004,40.494,837.294,0.493
319.751,2.02E-04,40.484,837.2,0.493
319.377,0.004,40.473,837.107,0.493
319.004,0.008,40.462,837.014,0.493
318.631,0.012,40.451,836.921,0.493
318.259,0.016,40.441,836.828,0.493
317.886,0.019,40.43,836.735,0.493
317.514,0.023,40.419,836.643,0.493
317.142,0.027,40.409,836.55,0.493
316.77,0.03,40.398,836.458,0.493
316.398,0.034,40.387,836.366,0.493
316.027,0.037,40.377,836.274,0.493
315.655,0.041,40.366,836.182,0.493
315.284,0.044,40.355,836.09,0.493
314.913,0.047,40.345,835.998,0.493
314.543,0.05,40.334,835.906,0.493
314.172,0.053,40.323,835.815,0.493
313.802,0.055,40.313,835.723,0.493
313.432,0.058,40.302,835.632,0.493
313.062,0.06,40.292,835.541,0.493
312.692,0.062,40.281,835.45,0.493
312.322,0.064,40.271,835.359,0.493
311.953,0.066,40.26,835.268,0.493
311.584,0.067,40.25,835.177,0.493
311.215,0.068,40.239,835.087,0.493
310.846,0.069,40.229,834.996,0.493
310.478,0.07,40.218,834.906,0.493
310.109,0.071,40.208,834.815,0.493
309.741,0.071,40.198,834.725,0.493
309.373,0.072,40.187,834.635,0.493
309.005,0.072,40.177,834.545,0.492
308.638,0.071,40.166,834.456,0.492
308.27,0.071,40.156,834.366,0.492
307.903,0.07,40.146,834.276,0.492
307.536,0.07,40.135,834.187,0.492
307.169,0.069,40.125,834.098,0.492
306.802,0.067,40.115,834.008,0.492
306.436,0.066,40.104,833.919,0.492
306.07,0.064,40.094,833.83,0.492
305.704,0.063,40.084,833.742,0.492
305.338,0.061,40.074,833.653,0.492
304.972,0.059,40.063,833.564,0.492
304.606,0.056,40.053,833.476,0.492
304.241,0.054,40.043,833.387,0.492
303.876,0.052,40.033,833.299,0.492
303.511,0.049,40.023,833.211,0.492
303.146,0.046,40.012,833.123,0.492
302.781,0.044,40.002,833.035,0.492
302.417,0.041,39.992,832.947,0.492
302.052,0.038,39.982,832.859,0.492
301.688,0.035,39.972,832.772,0.492
301.324,0.032,39.962,832.684,0.492
300.96,0.028,39.952,832.597,0.492
300.597,0.025,39.941,832.51,0.492
300.233,0.022,39.931,832.423,0.492
299.87,0.019,39.921,832.336,0.492
299.507,0.016,39.911,832.249,0.492
299.144,0.013,39.901,832.162,0.492
298.782,0.01,39.891,832.076,0.492
298.419,0.007,39.881,831.989,0.492
298.057,0.004,39.871,831.903,0.492
297.695,7.38E-04,39.861,831.816,0.492
297.333,0.002,39.851,831.73,0.492
296.971,0.005,39.841,831.644,0.492
296.609,0.008,39.831,831.558,0.492
296.248,0.01,39.822,831.472,0.492
295.886,0.013,39.812,831.387,0.492
295.525,0.015,39.802,831.301,0.492
295.164,0.018,39.792,831.216,0.492
294.804,0.02,39.782,831.13,0.492
294.443,0.022,39.772,831.045,0.491
294.083,0.024,39.762,830.96,0.491
293.722,0.025,39.752,830.875,0.491
293.362,0.027,39.743,830.79,0.491
293.003,0.028,39.733,830.705,0.491
292.643,0.03,39.723,830.62,0.491
292.283,0.031,39.713,830.536,0.491
291.924,0.032,39.704,830.451,0.491
291.565,0.032,39.694,830.367,0.491
291.206,0.033,39.684,830.283,0.491
290.847,0.033,39.674,830.199,0.491
290.489,0.034,39.665,830.115,0.491
290.13,0.034,39.655,830.031,0.491
289.772,0.034,39.645,829.947,0.491
289.414,0.033,39.636,829.864,0.491
289.056,0.033,39.626,829.78,0.491
288.699,0.032,39.616,829.697,0.491
288.341,0.032,39.607,829.613,0.491
287.984,0.031,39.597,829.53,0.491
287.627,0.029,39.587,829.447,0.491
287.27,0.028,39.578,829.364,0.491
286.913,0.027,39.568,829.281,0.491
286.556,0.025,39.559,829.199,0.491
286.2,0.024,39.549,829.116,0.491
285.844,0.022,39.54,829.034,0.491
285.488,0.02,39.53,828.951,0.491
285.132,0.018,39.521,828.869,0.491
284.776,0.016,39.511,828.787,0.491
284.421,0.013,39.502,828.705,0.491
284.065,0.011,39.492,828.623,0.491
283.71,0.009,39.483,828.541,0.491
283.355,0.006,39.473,828.46,0.491
283.001,0.004,39.464,828.378,0.491
282.646,8.95E-04,39.454,828.297,0.491
282.292,0.002,39.445,828.215,0.491
281.938,0.005,39.436,828.134,0.491
281.584,0.007,39.426,828.053,0.491
281.23,0.01,39.417,827.972,0.491
280.876,0.013,39.408,827.891,0.491
280.523,0.016,39.398,827.81,0.491
280.169,0.019,39.389,827.73,0.491
279.816,0.022,39.38,827.649,0.491
279.463,0.025,39.37,827.569,0.491
279.111,0.027,39.361,827.488,0.491
278.758,0.03,39.352,827.408,0.49
278.406,0.033,39.342,827.328,0.49
278.054,0.036,39.333,827.248,0.49
277.702,0.038,39.324,827.168,0.49
277.35,0.041,39.315,827.088,0.49
276.998,0.044,39.306,827.009,0.49
276.647,0.046,39.296,826.929,0.49
276.295,0.049,39.287,826.85,0.49
275.944,0.051,39.278,826.771,0.49
275.593,0.053,39.269,826.692,0.49
275.243,0.055,39.26,826.612,0.49
274.892,0.057,39.251,826.533,0.49
274.542,0.059,39.242,826.455,0.49
274.192,0.061,39.232,826.376,0.49
273.842,0.063,39.223,826.297,0.49
273.492,0.064,39.214,826.219,0.49
273.142,0.066,39.205,826.14,0.49
272.793,0.067,39.196,826.062,0.49
272.443,0.068,39.187,825.984,0.49
272.094,0.07,39.178,825.906,0.49
271.745,0.07,39.169,825.828,0.49
271.396,0.071,39.16,825.75,0.49
271.048,0.072,39.151,825.673,0.49
270.699,0.073,39.142,825.595,0.49
270.351,0.073,39.133,825.517,0.49
270.003,0.073,39.124,825.44,0.49
269.655,0.073,39.115,825.363,0.49
269.308,0.073,39.106,825.286,0.49
268.96,0.073,39.097,825.209,0.49
268.613,0.073,39.089,825.132,0.49
268.265,0.073,39.08,825.055,0.49
267.918,0.072,39.071,824.978,0.49
267.572,0.072,39.062,824.902,0.49
267.225,0.071,39.053,824.825,0.49
266.878,0.07,39.044,824.749,0.49
266.532,0.069,39.036,824.673,0.49
266.186,0.068,39.027,824.597,0.49
265.84,0.067,39.018,824.521,0.49
265.494,0.065,39.009,824.445,0.49
265.148,0.064,39,824.369,0.49
264.803,0.062,38.992,824.293,0.49
264.458,0.061,38.983,824.218,0.49
264.112,0.059,38.974,824.142,0.49
263.767,0.057,38.966,824.067,0.49
263.423,0.056,38.957,823.992,0.49
263.078,0.054,38.948,823.916,0.49
262.734,0.052,38.939,823.841,0.49
262.389,0.05,38.931,823.767,0.489
262.045,0.048,38.922,823.692,0.489
261.701,0.046,38.914,823.617,0.489
261.357,0.044,38.905,823.543,0.489
261.014,0.042,38.896,823.468,0.489
260.67,0.039,38.888,823.394,0.489
260.327,0.037,38.879,823.32,0.489
259.984,0.035,38.871,823.245,0.489
259.641,0.033,38.862,823.171,0.489
259.298,0.031,38.853,823.098,0.489
258.956,0.028,38.845,823.024,0.489
258.613,0.026,38.836,822.95,0.489
258.271,0.024,38.828,822.877,0.489
257.929,0.022,38.819,822.803,0.489
257.587,0.02,38.811,822.73,0.489
257.245,0.018,38.802,822.657,0.489
256.904,0.016,38.794,822.583,0.489
256.562,0.014,38.786,822.51,0.489
256.221,0.012,38.777,822.438,0.489
255.88,0.01,38.769,822.365,0.489
255.539,0.009,38.76,822.292,0.489
255.198,0.007,38.752,822.22,0.489
254.858,0.005,38.744,822.147,0.489
254.518,0.004,38.735,822.075,0.489
254.177,0.002,38.727,822.003,0.489
253.837,0.001,38.719,821.93,0.489
253.497,5.66E-04,38.71,821.858,0.489
253.158,0.002,38.702,821.787,0.489
252.818,0.003,38.694,821.715,0.489
252.479,0.004,38.685,821.643,0.489
252.14,0.005,38.677,821.572,0.489
251.801,0.005,38.669,821.5,0.489
251.462,0.006,38.661,821.429,0.489
251.123,0.007,38.652,821.358,0.489
250.785,0.007,38.644,821.287,0.489
250.446,0.008,38.636,821.216,0.489
250.108,0.008,38.628,821.145,0.489
249.77,0.008,38.62,821.074,0.489
249.432,0.008,38.611,821.003,0.489
249.095,0.008,38.603,820.933,0.489
248.757,0.008,38.595,820.862,0.489
248.42,0.008,38.587,820.792,0.489
248.083,0.007,38.579,820.722,0.489
247.746,0.007,38.571,820.652,0.489
247.409,0.006,38.563,820.582,0.489
247.073,0.006,38.555,820.512,0.489
246.736,0.005,38.546,820.442,0.489
246.4,0.004,38.538,820.372,0.489
246.064,0.003,38.53,820.303,0.489
245.728,0.002,38.522,820.233,0.489
245.392,8.15E-04,38.514,820.164,0.489
245.057,4.51E-04,38.506,820.095,0.488
244.721,0.002,38.498,820.026,0.488
244.386,0.003,38.49,819.957,0.488
244.051,0.005,38.482,819.888,0.488
243.716,0.006,38.474,819.819,0.488
243.382,0.008,38.467,819.75,0.488
243.047,0.01,38.459,819.682,0.488
242.713,0.011,38.451,819.613,0.488
242.379,0.013,38.443,819.545,0.488
242.045,0.015,38.435,819.477,0.488
241.711,0.017,38.427,819.408,0.488
241.377,0.019,38.419,819.34,0.488
241.044,0.021,38.411,819.273,0.488
240.711,0.023,38.403,819.205,0.488
240.378,0.025,38.396,819.137,0.488
240.045,0.027,38.388,819.069,0.488
239.712,0.029,38.38,819.002,0.488
239.38,0.032,38.372,818.935,0.488
239.047,0.034,38.364,818.867,0.488
238.715,0.036,38.357,818.8,0.488
238.383,0.038,38.349,818.733,0.488
238.051,0.041,38.341,818.666,0.488
237.72,0.043,38.334,818.599,0.488
237.388,0.045,38.326,818.533,0.488
237.057,0.047,38.318,818.466,0.488
236.726,0.049,38.31,818.4,0.488
236.395,0.052,38.303,818.333,0.488
236.064,0.054,38.295,818.267,0.488
235.733,0.056,38.287,818.201,0.488
235.403,0.058,38.28,818.135,0.488
235.073,0.06,38.272,818.069,0.488
234.743,0.062,38.265,818.003,0.488
234.413,0.064,38.257,817.937,0.488
234.083,0.066,38.249,817.872,0.488
233.754,0.068,38.242,817.806,0.488
233.424,0.07,38.234,817.741,0.488
233.095,0.072,38.227,817.676,0.488
232.766,0.073,38.219,817.61,0.488
232.437,0.075,38.212,817.545,0.488
232.109,0.077,38.204,817.48,0.488
231.78,0.078,38.197,817.416,0.488
231.452,0.08,38.189,817.351,0.488
231.124,0.081,38.182,817.286,0.488
230.796,0.083,38.174,817.222,0.488
230.468,0.084,38.167,817.157,0.488
230.14,0.085,38.159,817.093,0.488
229.813,0.086,38.152,817.029,0.488
229.486,0.087,38.145,816.965,0.488
229.159,0.088,38.137,816.901,0.488
228.832,0.089,38.13,816.837,0.488
228.505,0.09,38.122,816.773,0.488
228.179,0.091,38.115,816.71,0.488
227.852,0.091,38.108,816.646,0.488
227.526,0.092,38.1,816.583,0.488
227.2,0.092,38.093,816.519,0.488
226.874,0.093,38.086,816.456,0.488
226.549,0.093,38.078,816.393,0.488
226.223,0.093,38.071,816.33,0.487
225.898,0.094,38.064,816.267,0.487
225.573,0.094,38.057,816.204,0.487
225.248,0.094,38.049,816.142,0.487
224.923,0.094,38.042,816.079,0.487
224.599,0.094,38.035,816.017,0.487
224.274,0.093,38.028,815.954,0.487
223.95,0.093,38.021,815.892,0.487
223.626,0.093,38.013,815.83,0.487
223.302,0.092,38.006,815.768,0.487
222.979,0.092,37.999,815.706,0.487
222.655,0.091,37.992,815.644,0.487
222.332,0.091,37.985,815.582,0.487
222.009,0.09,37.978,815.521,0.487
221.686,0.089,37.971,815.459,0.487
221.363,0.089,37.963,815.398,0.487
221.04,0.088,37.956,815.337,0.487
220.718,0.087,37.949,815.276,0.487
220.396,0.086,37.942,815.214,0.487
220.074,0.085,37.935,815.154,0.487
219.752,0.084,37.928,815.093,0.487
219.43,0.083,37.921,815.032,0.487
219.108,0.082,37.914,814.971,0.487
218.787,0.081,37.907,814.911,0.487
218.466,0.08,37.9,814.85,0.487
218.145,0.078,37.893,814.79,0.487
217.824,0.077,37.886,814.73,0.487
217.503,0.076,37.879,814.67,0.487
217.183,0.075,37.872,814.61,0.487
216.863,0.074,37.865,814.55,0.487
216.542,0.072,37.859,814.49,0.487
216.223,0.071,37.852,814.431,0.487
215.903,0.07,37.845,814.371,0.487
215.583,0.068,37.838,814.312,0.487
215.264,0.067,37.831,814.252,0.487
214.945,0.066,37.824,814.193,0.487
214.626,0.065,37.817,814.134,0.487
214.307,0.063,37.81,814.075,0.487
213.988,0.062,37.804,814.016,0.487
213.67,0.061,37.797,813.957,0.487
213.351,0.06,37.79,813.899,0.487
213.033,0.059,37.783,813.84,0.487
212.715,0.058,37.777,813.782,0.487
212.397,0.056,37.77,813.723,0.487
212.08,0.055,37.763,813.665,0.487
211.762,0.054,37.756,813.607,0.487
211.445,0.053,37.75,813.549,0.487
211.128,0.052,37.743,813.491,0.487
210.811,0.051,37.736,813.433,0.487
210.495,0.051,37.73,813.375,0.487
210.178,0.05,37.723,813.318,0.487
209.862,0.049,37.716,813.26,0.487
209.546,0.048,37.71,813.203,0.487
209.23,0.047,37.703,813.145,0.487
208.914,0.047,37.696,813.088,0.487
208.599,0.046,37.69,813.031,0.487
208.283,0.046,37.683,812.974,0.487
207.968,0.045,37.677,812.917,0.487
207.653,0.045,37.67,812.861,0.487
207.338,0.044,37.664,812.804,0.487
207.024,0.044,37.657,812.747,0.487
206.709,0.044,37.651,812.691,0.487
206.395,0.044,37.644,812.635,0.487
206.081,0.044,37.637,812.578,0.487
205.767,0.043,37.631,812.522,0.487
205.454,0.043,37.625,812.466,0.486
205.14,0.044,37.618,812.41,0.486
204.827,0.044,37.612,812.355,0.486
204.514,0.044,37.605,812.299,0.486
204.201,0.044,37.599,812.243,0.486
203.888,0.045,37.592,812.188,0.486
203.576,0.045,37.586,812.132,0.486
203.263,0.045,37.58,812.077,0.486
202.951,0.046,37.573,812.022,0.486
202.639,0.047,37.567,811.967,0.486
202.327,0.047,37.56,811.912,0.486
202.016,0.048,37.554,811.857,0.486
201.705,0.049,37.548,811.802,0.486
201.393,0.05,37.541,811.748,0.486
201.082,0.05,37.535,811.693,0.486
200.772,0.051,37.529,811.639,0.486
200.461,0.052,37.523,811.585,0.486
200.151,0.053,37.516,811.53,0.486
199.84,0.055,37.51,811.476,0.486
199.53,0.056,37.504,811.422,0.486
199.221,0.057,37.498,811.368,0.486
198.911,0.058,37.491,811.315,0.486
198.602,0.06,37.485,811.261,0.486
198.292,0.061,37.479,811.207,0.486
197.983,0.063,37.473,811.154,0.486
197.675,0.064,37.467,811.101,0.486
197.366,0.066,37.461,811.047,0.486
197.058,0.067,37.454,810.994,0.486
196.749,0.069,37.448,810.941,0.486
196.441,0.07,37.442,810.888,0.486
196.134,0.072,37.436,810.835,0.486
195.826,0.074,37.43,810.783,0.486
195.519,0.076,37.424,810.73,0.486
195.211,0.077,37.418,810.678,0.486
194.904,0.079,37.412,810.625,0.486
194.598,0.081,37.406,810.573,0.486
194.291,0.083,37.4,810.521,0.486
193.985,0.085,37.394,810.469,0.486
193.679,0.087,37.388,810.417,0.486
193.373,0.089,37.382,810.365,0.486
193.067,0.091,37.376,810.313,0.486
192.761,0.093,37.37,810.261,0.486
192.456,0.094,37.364,810.21,0.486
192.151,0.096,37.358,810.158,0.486
191.846,0.098,37.352,810.107,0.486
191.541,0.1,37.346,810.056,0.486
191.237,0.102,37.34,810.005,0.486
190.932,0.104,37.334,809.954,0.486
190.628,0.106,37.328,809.903,0.486
190.324,0.108,37.322,809.852,0.486
190.02,0.11,37.316,809.801,0.486
189.717,0.112,37.311,809.751,0.486
189.414,0.114,37.305,809.7,0.486
189.111,0.116,37.299,809.65,0.486
188.808,0.118,37.293,809.599,0.486
188.505,0.12,37.287,809.549,0.486
188.203,0.122,37.282,809.499,0.486
187.9,0.124,37.276,809.449,0.486
187.598,0.126,37.27,809.399,0.486
187.297,0.128,37.264,809.35,0.486
186.995,0.13,37.259,809.3,0.486
186.694,0.132,37.253,809.25,0.486
186.392,0.133,37.247,809.201,0.486
186.092,0.135,37.241,809.152,0.486
185.791,0.137,37.236,809.102,0.486
185.49,0.139,37.23,809.053,0.486
185.19,0.14,37.224,809.004,0.486
184.89,0.142,37.219,808.955,0.486
184.59,0.144,37.213,808.906,0.486
184.29,0.145,37.207,808.858,0.486
183.991,0.147,37.202,808.809,0.486
183.692,0.148,37.196,808.761,0.486
183.393,0.15,37.191,808.712,0.486
183.094,0.151,37.185,808.664,0.486
182.795,0.153,37.179,808.616,0.485
182.497,0.154,37.174,808.568,0.485
182.199,0.156,37.168,808.52,0.485
181.901,0.157,37.163,808.472,0.485
181.603,0.158,37.157,808.424,0.485
181.306,0.159,37.152,808.376,0.485
181.009,0.161,37.146,808.329,0.485
180.712,0.162,37.141,808.281,0.485
180.415,0.163,37.135,808.234,0.485
180.118,0.164,37.13,808.187,0.485
179.822,0.165,37.124,808.14,0.485
179.526,0.166,37.119,808.093,0.485
179.23,0.167,37.114,808.046,0.485
178.934,0.168,37.108,807.999,0.485
178.639,0.169,37.103,807.952,0.485
178.343,0.169,37.097,807.906,0.485
178.048,0.17,37.092,807.859,0.485
177.754,0.171,37.087,807.813,0.485
177.459,0.172,37.081,807.766,0.485
177.165,0.172,37.076,807.72,0.485
176.871,0.173,37.071,807.674,0.485
176.577,0.174,37.065,807.628,0.485
176.283,0.174,37.06,807.582,0.485
175.99,0.175,37.055,807.536,0.485
175.697,0.175,37.049,807.491,0.485
175.404,0.176,37.044,807.445,0.485
175.111,0.176,37.039,807.4,0.485
174.819,0.177,37.034,807.354,0.485
174.526,0.177,37.028,807.309,0.485
174.234,0.177,37.023,807.264,0.485
173.943,0.178,37.018,807.219,0.485
173.651,0.178,37.013,807.174,0.485
173.36,0.178,37.008,807.129,0.485
173.069,0.178,37.002,807.084,0.485
172.778,0.179,36.997,807.04,0.485
172.487,0.179,36.992,806.995,0.485
172.197,0.179,36.987,806.951,0.485
171.907,0.179,36.982,806.906,0.485
171.617,0.179,36.977,806.862,0.485
171.327,0.179,36.972,806.818,0.485
171.038,0.179,36.967,806.774,0.485
170.749,0.179,36.961,806.73,0.485
170.46,0.179,36.956,806.686,0.485
170.171,0.18,36.951,806.643,0.485
169.883,0.18,36.946,806.599,0.485
169.595,0.18,36.941,806.556,0.485
169.307,0.18,36.936,806.512,0.485
169.019,0.18,36.931,806.469,0.485
168.732,0.18,36.926,806.426,0.485
168.444,0.18,36.921,806.383,0.485
168.157,0.18,36.916,806.34,0.485
167.871,0.18,36.911,806.297,0.485
167.584,0.179,36.906,806.254,0.485
167.298,0.179,36.902,806.211,0.485
167.012,0.179,36.897,806.169,0.485
166.727,0.179,36.892,806.126,0.485
166.441,0.179,36.887,806.084,0.485
166.156,0.179,36.882,806.042,0.485
165.871,0.179,36.877,806,0.485
165.586,0.179,36.872,805.958,0.485
165.302,0.179,36.867,805.916,0.485
165.018,0.179,36.862,805.874,0.485
164.734,0.179,36.858,805.832,0.485
164.45,0.179,36.853,805.79,0.485
164.167,0.18,36.848,805.749,0.485
163.884,0.18,36.843,805.707,0.485
163.601,0.18,36.838,805.666,0.485
163.318,0.18,36.834,805.625,0.485
163.036,0.18,36.829,805.584,0.485
162.754,0.18,36.824,805.543,0.485
162.472,0.18,36.82,805.502,0.485
162.191,0.18,36.815,805.461,0.485
161.909,0.181,36.81,805.42,0.485
161.628,0.181,36.805,805.38,0.485
161.348,0.181,36.801,805.339,0.485
161.067,0.182,36.796,805.299,0.485
160.787,0.182,36.791,805.259,0.485
160.507,0.182,36.787,805.219,0.485
160.228,0.183,36.782,805.178,0.485
159.948,0.183,36.777,805.138,0.485
159.669,0.183,36.773,805.099,0.485
159.39,0.184,36.768,805.059,0.485
159.112,0.184,36.764,805.019,0.485
158.833,0.185,36.759,804.98,0.485
158.555,0.185,36.755,804.94,0.485
158.278,0.186,36.75,804.901,0.485
158,0.187,36.745,804.862,0.485
157.723,0.187,36.741,804.822,0.485
157.446,0.188,36.736,804.783,0.485
157.17,0.189,36.732,804.744,0.485
156.893,0.19,36.727,804.706,0.484
156.617,0.19,36.723,804.667,0.484
156.342,0.191,36.719,804.628,0.484
156.066,0.192,36.714,804.59,0.484
155.791,0.193,36.71,804.551,0.484
155.516,0.194,36.705,804.513,0.484
155.242,0.195,36.701,804.475,0.484
154.967,0.196,36.696,804.437,0.484
154.693,0.197,36.692,804.399,0.484
154.42,0.198,36.688,804.361,0.484
154.146,0.2,36.683,804.323,0.484
153.873,0.201,36.679,804.285,0.484
153.6,0.202,36.675,804.248,0.484
153.328,0.203,36.67,804.21,0.484
153.056,0.205,36.666,804.173,0.484
152.784,0.206,36.662,804.135,0.484
152.512,0.207,36.657,804.098,0.484
152.241,0.209,36.653,804.061,0.484
151.97,0.21,36.649,804.024,0.484
151.699,0.212,36.644,803.987,0.484
151.429,0.213,36.64,803.95,0.484
151.159,0.215,36.636,803.914,0.484
150.889,0.217,36.632,803.877,0.484
150.62,0.218,36.627,803.841,0.484
150.35,0.22,36.623,803.804,0.484
150.082,0.222,36.619,803.768,0.484
149.813,0.223,36.615,803.732,0.484
149.545,0.225,36.611,803.696,0.484
149.277,0.227,36.607,803.66,0.484
149.009,0.229,36.602,803.624,0.484
148.742,0.231,36.598,803.588,0.484
148.475,0.233,36.594,803.553,0.484
148.209,0.235,36.59,803.517,0.484
147.942,0.237,36.586,803.482,0.484
147.676,0.239,36.582,803.446,0.484
147.411,0.241,36.578,803.411,0.484
147.145,0.243,36.574,803.376,0.484
146.88,0.245,36.57,803.341,0.484
146.616,0.247,36.566,803.306,0.484
146.351,0.25,36.562,803.271,0.484
146.087,0.252,36.558,803.236,0.484
145.824,0.254,36.554,803.202,0.484
145.56,0.256,36.55,803.167,0.484
145.297,0.259,36.546,803.133,0.484
145.035,0.261,36.542,803.099,0.484
144.772,0.263,36.538,803.064,0.484
144.51,0.266,36.534,803.03,0.484
144.249,0.268,36.53,802.996,0.484
143.987,0.271,36.526,802.962,0.484
143.726,0.273,36.522,802.928,0.484
143.466,0.276,36.518,802.895,0.484
143.205,0.278,36.514,802.861,0.484
142.945,0.281,36.51,802.828,0.484
142.686,0.283,36.507,802.794,0.484
142.427,0.286,36.503,802.761,0.484
142.168,0.288,36.499,802.728,0.484
141.909,0.291,36.495,802.695,0.484
141.651,0.293,36.491,802.662,0.484
141.393,0.296,36.487,802.629,0.484
141.136,0.299,36.484,802.596,0.484
140.879,0.301,36.48,802.563,0.484
140.622,0.304,36.476,802.531,0.484
140.365,0.307,36.472,802.498,0.484
140.109,0.309,36.469,802.466,0.484
139.854,0.312,36.465,802.434,0.484
139.598,0.315,36.461,802.401,0.484
139.344,0.318,36.457,802.369,0.484
139.089,0.32,36.454,802.337,0.484
138.835,0.323,36.45,802.305,0.484
138.581,0.326,36.446,802.274,0.484
138.328,0.328,36.443,802.242,0.484
138.074,0.331,36.439,802.21,0.484
137.822,0.334,36.435,802.179,0.484
137.569,0.337,36.432,802.148,0.484
137.318,0.339,36.428,802.116,0.484
137.066,0.342,36.425,802.085,0.484
136.815,0.345,36.421,802.054,0.484
136.564,0.348,36.417,802.023,0.484
136.314,0.35,36.414,801.992,0.484
136.064,0.353,36.41,801.962,0.484
135.814,0.356,36.407,801.931,0.484
135.565,0.359,36.403,801.9,0.484
135.316,0.361,36.4,801.87,0.484
135.068,0.364,36.396,801.84,0.484
134.82,0.367,36.393,801.809,0.484
134.572,0.37,36.389,801.779,0.484
134.325,0.372,36.386,801.749,0.484
134.078,0.375,36.382,801.719,0.484
133.831,0.378,36.379,801.689,0.484
133.585,0.381,36.375,801.66,0.484
133.34,0.383,36.372,801.63,0.484
133.094,0.386,36.369,801.601,0.484
132.85,0.389,36.365,801.571,0.484
132.605,0.391,36.362,801.542,0.484
132.361,0.394,36.358,801.513,0.484
132.118,0.397,36.355,801.483,0.484
131.875,0.399,36.352,801.454,0.484
131.632,0.402,36.348,801.425,0.484
131.39,0.405,36.345,801.397,0.484
131.148,0.407,36.342,801.368,0.484
130.906,0.41,36.338,801.339,0.484
130.665,0.413,36.335,801.311,0.484
130.425,0.415,36.332,801.282,0.484
130.184,0.418,36.328,801.254,0.484
129.945,0.42,36.325,801.226,0.484
129.705,0.423,36.322,801.198,0.484
129.466,0.426,36.319,801.17,0.484
129.228,0.428,36.315,801.142,0.484
128.99,0.431,36.312,801.114,0.484
128.752,0.433,36.309,801.086,0.484
128.515,0.436,36.306,801.059,0.484
128.279,0.438,36.303,801.031,0.484
128.043,0.441,36.3,801.004,0.484
127.807,0.443,36.296,800.976,0.484
127.571,0.446,36.293,800.949,0.484
127.337,0.448,36.29,800.922,0.484
127.102,0.45,36.287,800.895,0.484
126.868,0.453,36.284,800.868,0.484
126.635,0.455,36.281,800.841,0.484
126.402,0.458,36.278,800.815,0.484
126.169,0.46,36.275,800.788,0.484
125.937,0.462,36.272,800.762,0.484
125.706,0.465,36.268,800.735,0.483
125.474,0.467,36.265,800.709,0.483
125.244,0.469,36.262,800.683,0.483
125.013,0.472,36.259,800.657,0.483
124.784,0.474,36.256,800.631,0.483
124.555,0.476,36.253,800.605,0.483
124.326,0.478,36.25,800.579,0.483
124.098,0.481,36.247,800.553,0.483
123.87,0.483,36.245,800.528,0.483
123.642,0.485,36.242,800.502,0.483
123.416,0.487,36.239,800.477,0.483
123.189,0.49,36.236,800.451,0.483
122.963,0.492,36.233,800.426,0.483
122.738,0.494,36.23,800.401,0.483
122.513,0.496,36.227,800.376,0.483
122.289,0.498,36.224,800.351,0.483
122.065,0.5,36.221,800.327,0.483
121.842,0.502,36.218,800.302,0.483
121.619,0.505,36.216,800.277,0.483
121.397,0.507,36.213,800.253,0.483
121.175,0.509,36.21,800.228,0.483
120.954,0.511,36.207,800.204,0.483
120.733,0.513,36.204,800.18,0.483
120.513,0.515,36.202,800.156,0.483
120.293,0.517,36.199,800.132,0.483
120.074,0.519,36.196,800.108,0.483
119.855,0.521,36.193,800.084,0.483
119.637,0.523,36.191,800.061,0.483
119.42,0.525,36.188,800.037,0.483
119.203,0.527,36.185,800.014,0.483
118.986,0.529,36.182,799.99,0.483
118.77,0.531,36.18,799.967,0.483
118.555,0.533,36.177,799.944,0.483
118.34,0.535,36.174,799.921,0.483
118.125,0.537,36.172,799.898,0.483
117.912,0.539,36.169,799.875,0.483
117.698,0.541,36.166,799.852,0.483
117.486,0.543,36.164,799.829,0.483
117.274,0.545,36.161,799.807,0.483
117.062,0.547,36.159,799.784,0.483
116.851,0.549,36.156,799.762,0.483
116.641,0.551,36.153,799.74,0.483
116.431,0.552,36.151,799.718,0.483
116.222,0.554,36.148,799.695,0.483
116.013,0.556,36.146,799.673,0.483
115.805,0.558,36.143,799.652,0.483
115.597,0.56,36.141,799.63,0.483
115.39,0.562,36.138,799.608,0.483
115.184,0.564,36.136,799.587,0.483
114.978,0.566,36.133,799.565,0.483
114.773,0.568,36.131,799.544,0.483
114.568,0.569,36.128,799.523,0.483
114.364,0.571,36.126,799.501,0.483
114.161,0.573,36.123,799.48,0.483
113.958,0.575,36.121,799.459,0.483
113.756,0.577,36.119,799.438,0.483
113.554,0.579,36.116,799.418,0.483
113.353,0.581,36.114,799.397,0.483
113.153,0.583,36.111,799.376,0.483
112.953,0.584,36.109,799.356,0.483
112.754,0.586,36.107,799.336,0.483
112.556,0.588,36.104,799.315,0.483
112.358,0.59,36.102,799.295,0.483
112.16,0.592,36.1,799.275,0.483
111.964,0.594,36.097,799.255,0.483
111.768,0.596,36.095,799.235,0.483
111.572,0.598,36.093,799.216,0.483
111.378,0.599,36.091,799.196,0.483
111.184,0.601,36.088,799.176,0.483
110.99,0.603,36.086,799.157,0.483
110.797,0.605,36.084,799.137,0.483
110.605,0.607,36.082,799.118,0.483
110.414,0.609,36.079,799.099,0.483
110.223,0.611,36.077,799.08,0.483
110.033,0.612,36.075,799.061,0.483
109.843,0.614,36.073,799.042,0.483
109.654,0.616,36.071,799.023,0.483
109.466,0.618,36.068,799.005,0.483
109.279,0.62,36.066,798.986,0.483
109.092,0.622,36.064,798.968,0.483
108.906,0.624,36.062,798.949,0.483
108.72,0.626,36.06,798.931,0.483
108.535,0.628,36.058,798.913,0.483
108.351,0.629,36.056,798.895,0.483
108.168,0.631,36.054,798.877,0.483
107.985,0.633,36.052,798.859,0.483
107.803,0.635,36.05,798.841,0.483
107.622,0.637,36.048,798.824,0.483
107.441,0.639,36.045,798.806,0.483
107.261,0.641,36.043,798.789,0.483
107.082,0.643,36.041,798.771,0.483
106.904,0.645,36.039,798.754,0.483
106.726,0.646,36.037,798.737,0.483
106.549,0.648,36.036,798.72,0.483
106.373,0.65,36.034,798.703,0.483
106.197,0.652,36.032,798.686,0.483
106.022,0.654,36.03,798.669,0.483
105.848,0.656,36.028,798.652,0.483
105.675,0.658,36.026,798.636,0.483
105.502,0.66,36.024,798.619,0.483
105.33,0.662,36.022,798.603,0.483
105.159,0.664,36.02,798.587,0.483
104.988,0.665,36.018,798.571,0.483
104.819,0.667,36.016,798.555,0.483
104.65,0.669,36.015,798.539,0.483
104.482,0.671,36.013,798.523,0.483
104.314,0.673,36.011,798.507,0.483
104.148,0.675,36.009,798.491,0.483
103.982,0.677,36.007,798.476,0.483
103.817,0.679,36.006,798.46,0.483
103.652,0.681,36.004,798.445,0.483
103.489,0.682,36.002,798.43,0.483
103.326,0.684,36,798.414,0.483
103.164,0.686,35.998,798.399,0.483
103.003,0.688,35.997,798.384,0.483
102.842,0.69,35.995,798.37,0.483
102.683,0.692,35.993,798.355,0.483
102.524,0.694,35.992,798.34,0.483
102.366,0.695,35.99,798.326,0.483
102.209,0.697,35.988,798.311,0.483
102.052,0.699,35.987,798.297,0.483
101.897,0.701,35.985,798.282,0.483
101.742,0.703,35.983,798.268,0.483
101.588,0.705,35.982,798.254,0.483
101.435,0.706,35.98,798.24,0.483
101.283,0.708,35.978,798.226,0.483
101.131,0.71,35.977,798.213,0.483
100.981,0.712,35.975,798.199,0.483
100.831,0.714,35.974,798.185,0.483
100.682,0.715,35.972,798.172,0.483
100.534,0.717,35.971,798.158,0.483
100.386,0.719,35.969,798.145,0.483
100.24,0.72,35.968,798.132,0.483
100.094,0.722,35.966,798.119,0.483
99.95,0.724,35.965,798.106,0.483
99.806,0.726,35.963,798.093,0.483
99.663,0.727,35.962,798.08,0.483
99.52,0.729,35.96,798.068,0.483
99.379,0.73,35.959,798.055,0.483
99.239,0.732,35.957,798.043,0.483
99.099,0.734,35.956,798.03,0.483
98.961,0.735,35.954,798.018,0.483
98.823,0.737,35.953,798.006,0.483
98.686,0.738,35.952,797.994,0.483
98.55,0.74,35.95,797.982,0.483
98.415,0.741,35.949,797.97,0.483
98.28,0.743,35.947,797.958,0.483
98.147,0.744,35.946,797.946,0.483
98.015,0.746,35.945,797.935,0.483
97.883,0.747,35.943,797.923,0.483
97.753,0.749,35.942,797.912,0.483
97.623,0.75,35.941,797.9,0.483
97.494,0.751,35.94,797.889,0.483
97.366,0.753,35.938,797.878,0.483
97.239,0.754,35.937,797.867,0.483
97.113,0.755,35.936,797.856,0.483
96.988,0.757,35.934,797.845,0.483
96.864,0.758,35.933,797.835,0.483
96.741,0.759,35.932,797.824,0.483
96.618,0.76,35.931,797.814,0.483
96.497,0.761,35.93,797.803,0.483
96.377,0.762,35.928,797.793,0.483
96.257,0.763,35.927,797.783,0.483
96.139,0.764,35.926,797.773,0.483
96.021,0.765,35.925,797.763,0.483
95.904,0.766,35.924,797.753,0.483
95.789,0.767,35.923,797.743,0.483
95.674,0.768,35.921,797.733,0.483
95.56,0.769,35.92,797.724,0.483
95.448,0.77,35.919,797.714,0.483
95.336,0.771,35.918,797.705,0.483
95.225,0.772,35.917,797.695,0.483
95.115,0.772,35.916,797.686,0.483
95.006,0.773,35.915,797.677,0.483
94.898,0.774,35.914,797.668,0.483
94.792,0.774,35.913,797.659,0.483
94.686,0.775,35.912,797.65,0.483
94.581,0.775,35.911,797.642,0.483
94.477,0.776,35.91,797.633,0.483
94.374,0.776,35.909,797.625,0.483
94.272,0.777,35.908,797.616,0.483
94.171,0.777,35.907,797.608,0.483
94.071,0.777,35.906,797.6,0.483
93.972,0.778,35.905,797.591,0.483
93.874,0.778,35.904,797.583,0.483
93.778,0.778,35.903,797.575,0.483
93.682,0.778,35.902,797.568,0.483
93.587,0.778,35.901,797.56,0.483
93.493,0.778,35.901,797.552,0.483
93.4,0.778,35.9,797.545,0.483
93.309,0.778,35.899,797.537,0.483
93.218,0.778,35.898,797.53,0.483
93.128,0.778,35.897,797.523,0.483
93.04,0.778,35.896,797.516,0.483
92.952,0.778,35.896,797.509,0.483
92.865,0.777,35.895,797.502,0.483
92.78,0.777,35.894,797.495,0.483
92.696,0.777,35.893,797.488,0.483
92.612,0.776,35.892,797.481,0.483
92.53,0.776,35.892,797.475,0.483
92.448,0.775,35.891,797.469,0.483
92.368,0.774,35.89,797.462,0.483
92.289,0.774,35.889,797.456,0.483
92.211,0.773,35.889,797.45,0.483
92.134,0.772,35.888,797.444,0.483
92.058,0.771,35.887,797.438,0.483
91.983,0.77,35.887,797.432,0.483
91.909,0.769,35.886,797.426,0.483
91.836,0.768,35.885,797.421,0.483
91.765,0.767,35.885,797.415,0.483
91.694,0.766,35.884,797.41,0.483
91.625,0.765,35.883,797.404,0.483
91.556,0.764,35.883,797.399,0.483
91.489,0.762,35.882,797.394,0.483
91.423,0.761,35.882,797.389,0.483
91.357,0.759,35.881,797.384,0.483
91.293,0.758,35.881,797.379,0.483
91.23,0.756,35.88,797.374,0.483
91.168,0.755,35.879,797.369,0.483
91.108,0.753,35.879,797.365,0.483
91.048,0.751,35.878,797.36,0.483
90.989,0.749,35.878,797.356,0.483
90.932,0.747,35.877,797.352,0.483
90.876,0.745,35.877,797.348,0.483
90.82,0.743,35.876,797.344,0.483
90.766,0.741,35.876,797.34,0.483
90.713,0.739,35.876,797.336,0.483
90.661,0.737,35.875,797.332,0.483
90.61,0.735,35.875,797.328,0.483
90.561,0.732,35.874,797.325,0.483
90.512,0.73,35.874,797.321,0.483
90.465,0.727,35.873,797.318,0.483
90.418,0.725,35.873,797.315,0.483
90.373,0.722,35.873,797.311,0.483
90.329,0.719,35.872,797.308,0.483
90.286,0.717,35.872,797.305,0.483
90.244,0.714,35.872,797.302,0.483
90.203,0.711,35.871,797.3,0.483
90.164,0.708,35.871,797.297,0.483
90.125,0.705,35.871,797.294,0.483
90.088,0.702,35.87,797.292,0.483
90.052,0.699,35.87,797.289,0.483
90.017,0.695,35.87,797.287,0.483
89.983,0.692,35.87,797.285,0.483
89.95,0.689,35.869,797.283,0.483
89.918,0.685,35.869,797.281,0.483
89.888,0.682,35.869,797.279,0.483
89.858,0.678,35.869,797.277,0.483
89.83,0.674,35.869,797.275,0.483
89.803,0.671,35.868,797.274,0.483
89.777,0.667,35.868,797.272,0.483
89.752,0.663,35.868,797.271,0.483
89.728,0.659,35.868,797.27,0.483
89.706,0.655,35.868,797.268,0.483
89.685,0.651,35.868,797.267,0.483
89.664,0.647,35.868,797.266,0.483
89.645,0.643,35.867,797.265,0.483
89.627,0.638,35.867,797.265,0.483
89.61,0.634,35.867,797.264,0.483
89.595,0.63,35.867,797.263,0.483
89.58,0.625,35.867,797.263,0.483
89.567,0.621,35.867,797.262,0.483
89.555,0.616,35.867,797.262,0.483
89.544,0.611,35.867,797.262,0.483
89.534,0.607,35.867,797.262,0.483
89.525,0.602,35.867,797.262,0.483
89.517,0.597,35.867,797.262,0.483
89.511,0.592,35.867,797.262,0.483
89.505,0.587,35.867,797.262,0.483
,,,,
89.501,0.582,35.867,797.263,0.483
,,,,
89.498,0.577,35.867,797.263,0.483
118.794,NaN,35.867,797.263,NaN
113.761,NaN,35.867,797.263,NaN
109.223,NaN,35.869,797.282,NaN
104.697,NaN,35.874,797.326,NaN
100.34,NaN,35.884,797.405,NaN
96.317,NaN,35.898,797.534,NaN
92.911,NaN,35.922,797.738,NaN
90.558,NaN,35.958,798.051,NaN
89.817,NaN,36.013,798.529,NaN
90.915,NaN,36.096,799.244,NaN
93.189,NaN,36.205,800.184,NaN
95.994,NaN,36.33,801.27,NaN
98.9,NaN,36.47,802.481,NaN
101.642,NaN,36.623,803.801,NaN
104.082,NaN,36.786,805.212,NaN
106.166,NaN,36.958,806.698,NaN
107.891,NaN,37.137,808.245,NaN
109.285,NaN,37.321,809.84,NaN
110.387,NaN,37.51,811.474,NaN
111.242,NaN,37.702,813.138,NaN
111.893,NaN,37.897,814.825,NaN
112.38,NaN,38.094,816.529,NaN
112.734,NaN,38.293,818.247,NaN
112.985,NaN,38.492,819.974,NaN
113.154,NaN,38.693,821.708,NaN
113.26,NaN,38.894,823.447,NaN
113.318,NaN,39.095,825.19,NaN
113.339,NaN,39.297,826.935,NaN
113.331,NaN,39.499,828.681,NaN
113.301,NaN,39.701,830.427,NaN
113.255,NaN,39.903,832.174,NaN
113.197,NaN,40.105,833.921,NaN
113.13,NaN,40.306,835.667,NaN
113.056,NaN,40.508,837.412,NaN
112.977,NaN,40.71,839.156,NaN
112.894,NaN,40.911,840.899,NaN
112.808,NaN,41.113,842.641,NaN
112.72,NaN,41.314,844.382,NaN
112.631,NaN,41.515,846.15,NaN
112.539,NaN,41.716,847.976,NaN
112.445,NaN,41.916,849.801,NaN
112.35,NaN,42.117,851.625,NaN
112.255,NaN,42.317,853.447,NaN
112.159,NaN,42.518,855.267,NaN
112.063,NaN,42.718,857.086,NaN
111.967,NaN,42.918,858.904,NaN
111.871,NaN,43.117,860.719,NaN
111.775,NaN,43.317,862.534,NaN
111.68,NaN,43.516,864.347,NaN
111.585,NaN,43.716,866.158,NaN
111.49,NaN,43.915,867.967,NaN
111.395,NaN,44.114,869.776,NaN
111.301,NaN,44.312,871.582,NaN
111.207,NaN,44.511,873.387,NaN
111.114,NaN,44.709,875.191,NaN
111.02,NaN,44.907,876.993,NaN
110.928,NaN,45.105,878.793,NaN
110.835,NaN,45.303,880.592,NaN
110.743,NaN,45.501,882.39,NaN
110.652,NaN,45.699,884.186,NaN
110.561,NaN,45.896,885.98,NaN
110.47,NaN,46.093,887.773,NaN
110.379,NaN,46.29,889.565,NaN
110.289,NaN,46.487,891.355,NaN
110.199,NaN,46.684,893.144,NaN
110.11,NaN,46.88,894.931,NaN
110.021,NaN,47.077,896.716,NaN
109.932,NaN,47.273,898.501,NaN
109.843,NaN,47.469,900.361,NaN
109.752,NaN,47.665,902.232,NaN
109.661,NaN,47.861,904.102,NaN
109.57,NaN,48.056,905.97,NaN
109.479,NaN,48.252,907.836,NaN
109.387,NaN,48.447,909.701,NaN
109.296,NaN,48.642,911.564,NaN
109.205,NaN,48.837,913.426,NaN
109.115,NaN,49.032,915.286,NaN
109.025,NaN,49.227,917.145,NaN
108.935,NaN,49.421,919.002,NaN
108.845,NaN,49.616,920.857,NaN
108.756,NaN,49.81,922.712,NaN
108.667,NaN,50.004,924.564,NaN
108.578,NaN,50.198,926.415,NaN
108.49,NaN,50.391,928.265,NaN
108.402,NaN,50.585,930.113,NaN
108.315,NaN,50.778,931.959,NaN
108.227,NaN,50.971,933.804,NaN
108.141,NaN,51.164,935.648,NaN
108.054,NaN,51.357,937.49,NaN
107.968,NaN,51.55,939.33,NaN
107.882,NaN,51.743,941.169,NaN
107.797,NaN,51.935,943.007,NaN
107.711,NaN,52.127,944.843,NaN
107.627,NaN,52.32,946.678,NaN
107.542,NaN,52.511,948.511,NaN
107.458,NaN,52.703,950.343,NaN
107.374,NaN,52.895,952.173,NaN
107.291,NaN,53.087,954.002,NaN
107.207,NaN,53.278,955.891,NaN
107.122,NaN,53.469,957.808,NaN
107.036,NaN,53.66,959.723,NaN
106.95,NaN,53.851,961.637,NaN
106.864,NaN,54.042,963.549,NaN
106.778,NaN,54.233,965.46,NaN
106.692,NaN,54.423,967.37,NaN
,,,,
106.607,NaN,54.613,969.277,NaN
104.631,NaN,54.804,971.184,NaN
102.729,NaN,54.804,971.187,NaN
100.897,NaN,54.804,971.191,NaN
99.13,NaN,54.805,971.195,NaN
97.426,NaN,54.805,971.198,NaN
95.781,NaN,54.805,971.202,NaN
94.193,NaN,54.806,971.205,NaN
92.657,NaN,54.806,971.209,NaN
91.173,NaN,54.806,971.212,NaN
89.736,NaN,54.807,971.215,NaN
88.346,NaN,54.807,971.219,NaN
86.999,NaN,54.807,971.222,NaN
85.694,NaN,54.808,971.225,NaN
84.428,NaN,54.808,971.228,NaN
83.201,NaN,54.808,971.231,NaN
82.01,NaN,54.809,971.234,NaN
80.854,NaN,54.809,971.237,NaN
79.731,NaN,54.809,971.24,NaN
78.64,NaN,54.809,971.243,NaN
77.58,NaN,54.81,971.246,NaN
76.549,NaN,54.81,971.248,NaN
75.545,NaN,54.81,971.251,NaN
74.569,NaN,54.811,971.254,NaN
73.619,NaN,54.811,971.256,NaN
72.693,NaN,54.811,971.259,NaN
71.792,NaN,54.811,971.262,NaN
70.913,NaN,54.812,971.264,NaN
70.057,NaN,54.812,971.267,NaN
69.222,NaN,54.812,971.269,NaN
68.408,NaN,54.812,971.272,NaN
67.613,NaN,54.813,971.274,NaN
66.837,NaN,54.813,971.277,NaN
66.08,NaN,54.813,971.279,NaN
65.341,NaN,54.813,971.282,NaN
64.619,NaN,54.814,971.284,NaN
63.913,NaN,54.814,971.286,NaN
63.223,NaN,54.814,971.289,NaN
62.549,NaN,54.814,971.291,NaN
61.89,NaN,54.814,971.293,NaN
61.246,NaN,54.815,971.295,NaN
60.615,NaN,54.815,971.297,NaN
59.998,NaN,54.815,971.3,NaN
59.394,NaN,54.815,971.302,NaN
58.803,NaN,54.816,971.304,NaN
58.224,NaN,54.816,971.306,NaN
57.657,NaN,54.816,971.308,NaN
57.102,NaN,54.816,971.31,NaN
56.558,NaN,54.816,971.312,NaN
56.025,NaN,54.817,971.314,NaN
55.503,NaN,54.817,971.316,NaN
54.99,NaN,54.817,971.318,NaN
54.488,NaN,54.817,971.32,NaN
53.996,NaN,54.817,971.322,NaN
53.513,NaN,54.818,971.324,NaN
53.039,NaN,54.818,971.326,NaN
52.574,NaN,54.818,971.328,NaN
52.118,NaN,54.818,971.33,NaN
51.67,NaN,54.818,971.332,NaN
51.23,NaN,54.818,971.334,NaN
50.799,NaN,54.819,971.335,NaN
50.375,NaN,54.819,971.337,NaN
49.959,NaN,54.819,971.339,NaN
49.55,NaN,54.819,971.341,NaN
49.148,NaN,54.819,971.343,NaN
48.754,NaN,54.82,971.344,NaN
48.366,NaN,54.82,971.346,NaN
47.985,NaN,54.82,971.348,NaN
47.61,NaN,54.82,971.35,NaN
47.242,NaN,54.82,971.351,NaN
46.879,NaN,54.82,971.353,NaN
46.523,NaN,54.821,971.355,NaN
46.173,NaN,54.821,971.356,NaN
45.828,NaN,54.821,971.358,NaN
45.489,NaN,54.821,971.36,NaN
45.156,NaN,54.821,971.361,NaN
44.828,NaN,54.821,971.363,NaN
44.505,NaN,54.822,971.365,NaN
44.187,NaN,54.822,971.366,NaN
43.874,NaN,54.822,971.368,NaN
43.566,NaN,54.822,971.369,NaN
43.263,NaN,54.822,971.371,NaN
42.964,NaN,54.822,971.372,NaN
42.67,NaN,54.823,971.374,NaN
42.381,NaN,54.823,971.375,NaN
42.096,NaN,54.823,971.377,NaN
41.815,NaN,54.823,971.378,NaN
41.538,NaN,54.823,971.38,NaN
41.265,NaN,54.823,971.381,NaN
40.996,NaN,54.823,971.383,NaN
40.731,NaN,54.824,971.384,NaN
40.47,NaN,54.824,971.386,NaN
40.213,NaN,54.824,971.387,NaN
39.96,NaN,54.824,971.389,NaN
39.71,NaN,54.824,971.39,NaN
39.463,NaN,54.824,971.392,NaN
39.22,NaN,54.824,971.393,NaN
38.98,NaN,54.825,971.394,NaN
38.744,NaN,54.825,971.396,NaN
38.508,NaN,54.825,971.397,NaN
38.271,NaN,54.825,971.399,NaN
38.033,NaN,54.825,971.4,NaN
37.793,NaN,54.825,971.402,NaN
37.552,NaN,54.825,971.403,NaN
37.309,NaN,54.826,971.404,NaN
37.065,NaN,54.826,971.406,NaN
36.819,NaN,54.826,971.407,NaN
36.571,NaN,54.826,971.409,NaN
36.322,NaN,54.826,971.411,NaN
36.071,NaN,54.826,971.412,NaN
35.819,NaN,54.826,971.414,NaN
35.565,NaN,54.827,971.415,NaN
35.309,NaN,54.827,971.417,NaN
35.051,NaN,54.827,971.419,NaN
34.792,NaN,54.827,971.42,NaN
34.531,NaN,54.827,971.422,NaN
34.268,NaN,54.828,971.424,NaN
34.002,NaN,54.828,971.426,NaN
33.735,NaN,54.828,971.428,NaN
33.466,NaN,54.828,971.43,NaN
33.195,NaN,54.828,971.431,NaN
32.922,NaN,54.828,971.433,NaN
32.647,NaN,54.829,971.435,NaN
32.369,NaN,54.829,971.437,NaN
32.09,NaN,54.829,971.439,NaN
31.808,NaN,54.829,971.442,NaN
31.523,NaN,54.829,971.444,NaN
31.236,NaN,54.83,971.446,NaN
30.947,NaN,54.83,971.448,NaN
30.655,NaN,54.83,971.45,NaN
30.361,NaN,54.83,971.453,NaN
30.064,NaN,54.831,971.455,NaN
29.764,NaN,54.831,971.458,NaN
29.461,NaN,54.831,971.46,NaN
29.156,NaN,54.831,971.463,NaN
28.847,NaN,54.832,971.465,NaN
28.536,NaN,54.832,971.468,NaN
28.221,NaN,54.832,971.471,NaN
27.903,NaN,54.832,971.474,NaN
27.582,NaN,54.833,971.477,NaN
27.257,NaN,54.833,971.48,NaN
26.929,NaN,54.833,971.483,NaN
26.597,NaN,54.834,971.486,NaN
26.262,NaN,54.834,971.489,NaN
25.922,NaN,54.834,971.493,NaN
25.579,NaN,54.835,971.496,NaN
25.231,NaN,54.835,971.5,NaN
24.88,NaN,54.835,971.504,NaN
24.523,NaN,54.836,971.508,NaN
24.163,NaN,54.836,971.512,NaN
23.797,NaN,54.837,971.516,NaN
23.427,NaN,54.837,971.52,NaN
23.052,NaN,54.838,971.525,NaN
22.671,NaN,54.838,971.53,NaN
22.285,NaN,54.839,971.535,NaN
21.894,NaN,54.839,971.54,NaN
21.497,NaN,54.84,971.546,NaN
21.094,NaN,54.84,971.551,NaN
20.684,NaN,54.841,971.558,NaN
20.269,NaN,54.841,971.564,NaN
19.847,NaN,54.842,971.571,NaN
19.418,NaN,54.843,971.579,NaN
18.983,NaN,54.844,971.587,NaN
18.541,NaN,54.845,971.595,NaN
18.092,NaN,54.846,971.605,NaN
17.637,NaN,54.847,971.615,NaN
17.175,NaN,54.848,971.626,NaN
16.708,NaN,54.849,971.639,NaN
16.237,NaN,54.85,971.653,NaN
15.763,NaN,54.852,971.669,NaN
15.291,NaN,54.854,971.688,NaN
14.825,NaN,54.856,971.71,NaN
14.375,NaN,54.859,971.738,NaN
13.96,NaN,54.862,971.773,NaN
13.616,NaN,54.867,971.821,NaN
13.434,NaN,54.874,971.895,NaN
13.558,NaN,54.889,972.037,NaN
13.383,NaN,54.913,972.278,NaN
13.622,NaN,54.937,972.519,NaN
13.287,NaN,54.961,972.761,NaN
13.746,NaN,54.985,973.001,NaN
13.105,NaN,55.009,973.243,NaN
13.984,NaN,55.033,973.483,NaN
13.027,NaN,55.057,973.725,NaN
13.614,NaN,55.076,973.912,NaN
13.395,NaN,55.089,974.045,NaN
13.584,NaN,55.105,974.204,NaN
13.317,NaN,55.129,974.445,NaN
13.683,NaN,55.153,974.685,NaN
13.171,NaN,55.177,974.927,NaN
13.875,NaN,55.201,975.167,NaN
12.918,NaN,55.225,975.408,NaN
13.816,NaN,55.248,975.641,NaN
13.359,NaN,55.265,975.808,NaN
13.561,NaN,55.278,975.939,NaN
13.328,NaN,55.297,976.132,NaN
13.647,NaN,55.321,976.372,NaN
13.199,NaN,55.345,976.613,NaN
13.815,NaN,55.369,976.853,NaN
12.95,NaN,55.393,977.095,NaN
13.9,NaN,55.417,977.334,NaN
13.276,NaN,55.436,977.526,NaN
13.545,NaN,55.45,977.666,NaN
13.328,NaN,55.465,977.817,NaN
13.625,NaN,55.489,978.058,NaN
13.207,NaN,55.513,978.299,NaN
13.783,NaN,55.537,978.538,NaN
12.974,NaN,55.561,978.78,NaN
13.924,NaN,55.585,979.019,NaN
13.208,NaN,55.606,979.224,NaN
13.538,NaN,55.621,979.373,NaN
13.314,NaN,55.634,979.513,NaN
13.621,NaN,55.658,979.753,NaN
13.189,NaN,55.682,979.994,NaN
13.785,NaN,55.706,980.234,NaN
12.947,NaN,55.73,980.475,NaN
13.898,NaN,55.754,980.714,NaN
13.231,NaN,55.774,980.911,NaN
13.527,NaN,55.788,981.056,NaN
13.308,NaN,55.803,981.201,NaN
13.609,NaN,55.827,981.44,NaN
13.184,NaN,55.851,981.681,NaN
13.77,NaN,55.875,981.92,NaN
12.945,NaN,55.899,982.161,NaN
13.896,NaN,55.922,982.4,NaN
13.209,NaN,55.942,982.601,NaN
13.517,NaN,55.957,982.746,NaN
13.298,NaN,55.971,982.889,NaN
13.6,NaN,55.995,983.128,NaN
13.174,NaN,56.019,983.369,NaN
13.763,NaN,56.043,983.608,NaN
12.933,NaN,56.067,983.849,NaN
13.884,NaN,56.091,984.087,NaN
13.205,NaN,56.111,984.286,NaN
13.507,NaN,56.125,984.431,NaN
13.29,NaN,56.139,984.574,NaN
13.589,NaN,56.163,984.813,NaN
13.166,NaN,56.187,985.054,NaN
13.752,NaN,56.211,985.293,NaN
12.926,NaN,56.235,985.533,NaN
13.877,NaN,56.259,985.772,NaN
13.193,NaN,56.279,985.971,NaN
13.497,NaN,56.293,986.116,NaN
13.281,NaN,56.307,986.258,NaN
13.58,NaN,56.331,986.497,NaN
13.158,NaN,56.355,986.737,NaN
13.742,NaN,56.379,986.976,NaN
12.916,NaN,56.403,987.217,NaN
13.868,NaN,56.427,987.455,NaN
13.184,NaN,56.447,987.654,NaN
13.487,NaN,56.461,987.799,NaN
13.273,NaN,56.475,987.94,NaN
,,,,
,,,,
13.331,NaN,56.499,988.18,NaN