Mach number (​),Reynolds number (​),Thrust (N),Fd,Cd,Axial drag coefficient (​),Friction drag coefficient (​),Pressure drag coefficient (​),Base drag coefficient (​)
0.003,1.453E+05,88.288,-1.184E-06,0.828,-1.885E-04,0.565,0.144,0.12
0.003,1.457E+05,264.865,8E-06,0.828,0.001,0.564,0.144,0.12
0.003,1.516E+05,441.441,3.029E-04,0.822,0.044,0.559,0.144,0.12
0.003,1.733E+05,618.017,0.002,0.805,0.26,0.541,0.144,0.12
0.004,2.196E+05,794.594,0.009,0.775,0.599,0.512,0.144,0.12
,,,,,,,,
0.005,2.894E+05,935.074,0.02,0.744,0.821,0.48,0.144,0.12
0.007,3.694E+05,970.949,0.036,0.718,0.897,0.455,0.144,0.12
0.008,4.559E+05,1000.194,0.056,0.698,0.904,0.434,0.144,0.12
0.01,5.474E+05,1029.438,0.079,0.681,0.881,0.418,0.144,0.12
0.012,6.433E+05,1058.683,0.104,0.667,0.842,0.404,0.144,0.12
0.013,7.43E+05,1087.928,0.132,0.656,0.803,0.392,0.144,0.12
0.015,8.465E+05,1117.173,0.164,0.645,0.768,0.382,0.144,0.12
0.017,9.535E+05,1146.418,0.2,0.636,0.739,0.373,0.144,0.12
0.019,1.064E+06,1175.663,0.24,0.628,0.714,0.365,0.144,0.12
0.021,1.178E+06,1204.907,0.286,0.621,0.693,0.358,0.144,0.12
0.023,1.295E+06,1234.152,0.337,0.615,0.675,0.351,0.144,0.12
0.025,1.416E+06,1263.397,0.394,0.609,0.66,0.345,0.144,0.12
0.028,1.54E+06,1288.669,0.456,0.603,0.647,0.34,0.144,0.12
0.03,1.664E+06,1290.105,0.524,0.598,0.637,0.335,0.144,0.12
0.032,1.787E+06,1287.567,0.596,0.594,0.627,0.33,0.144,0.12
0.034,1.911E+06,1285.03,0.673,0.59,0.619,0.326,0.144,0.12
0.036,2.034E+06,1282.493,0.754,0.586,0.613,0.323,0.144,0.12
0.039,2.158E+06,1279.956,0.845,0.586,0.61,0.323,0.144,0.12
0.041,2.281E+06,1277.418,0.941,0.586,0.608,0.323,0.144,0.12
0.043,2.404E+06,1274.881,1.042,0.586,0.606,0.323,0.144,0.12
0.045,2.526E+06,1272.344,1.147,0.587,0.604,0.323,0.144,0.12
0.047,2.649E+06,1269.806,1.258,0.587,0.603,0.323,0.144,0.12
0.05,2.771E+06,1267.269,1.374,0.587,0.601,0.323,0.144,0.12
0.052,2.893E+06,1264.732,1.494,0.587,0.6,0.322,0.144,0.12
0.054,3.015E+06,1262.195,1.62,0.587,0.599,0.322,0.144,0.12
0.056,3.137E+06,1260.148,1.751,0.587,0.598,0.322,0.144,0.12
0.058,3.258E+06,1258.593,1.887,0.587,0.598,0.322,0.144,0.12
0.06,3.38E+06,1257.037,2.028,0.587,0.597,0.322,0.144,0.12
0.063,3.501E+06,1255.482,2.174,0.587,0.596,0.322,0.144,0.121
0.065,3.622E+06,1253.926,2.325,0.587,0.596,0.322,0.144,0.121
0.067,3.744E+06,1252.371,2.481,0.587,0.595,0.322,0.144,0.121
,,,,,,,,
0.069,3.865E+06,1250.815,2.642,0.587,0.595,0.322,0.144,0.121
0.072,4.046E+06,1248.871,2.893,0.587,0.594,0.322,0.144,0.121
0.077,4.317E+06,1245.954,3.29,0.587,0.593,0.322,0.144,0.121
0.085,4.724E+06,1242.675,3.933,0.587,0.593,0.322,0.144,0.121
0.095,5.328E+06,1246.622,4.996,0.588,0.592,0.322,0.144,0.121
0.106,5.938E+06,1252.852,6.198,0.588,0.591,0.322,0.144,0.121
0.117,6.551E+06,1259.036,7.541,0.588,0.591,0.322,0.144,0.122
0.128,7.169E+06,1265.129,9.027,0.589,0.59,0.322,0.145,0.122
0.139,7.79E+06,1271.223,10.661,0.589,0.59,0.322,0.145,0.123
0.151,8.416E+06,1277.342,12.445,0.59,0.59,0.322,0.145,0.123
0.162,9.045E+06,1283.469,14.384,0.59,0.59,0.322,0.145,0.123
0.173,9.678E+06,1289.336,16.482,0.591,0.591,0.322,0.145,0.124
0.185,1.031E+07,1294.711,18.741,0.591,0.591,0.321,0.145,0.124
0.196,1.095E+07,1299.977,21.165,0.592,0.592,0.321,0.146,0.125
0.208,1.16E+07,1303.928,23.754,0.593,0.593,0.321,0.146,0.126
0.22,1.224E+07,1307.463,26.508,0.594,0.594,0.321,0.146,0.126
0.231,1.288E+07,1309.478,29.425,0.594,0.595,0.321,0.147,0.127
0.243,1.353E+07,1308.986,32.496,0.595,0.596,0.321,0.147,0.128
0.254,1.417E+07,1308.375,35.72,0.596,0.596,0.32,0.147,0.128
0.266,1.481E+07,1307.09,39.095,0.597,0.597,0.32,0.147,0.129
0.278,1.545E+07,1305.655,42.62,0.598,0.598,0.32,0.148,0.13
0.289,1.609E+07,1301.486,46.288,0.599,0.599,0.32,0.148,0.131
0.301,1.672E+07,1293.678,50.086,0.6,0.6,0.32,0.149,0.132
0.312,1.735E+07,1285.923,54.017,0.601,0.601,0.319,0.149,0.133
0.324,1.797E+07,1278.75,58.078,0.602,0.602,0.319,0.149,0.134
0.335,1.858E+07,1271.707,62.267,0.603,0.603,0.319,0.15,0.135
0.346,1.919E+07,1265.618,66.58,0.604,0.605,0.319,0.15,0.136
0.357,1.98E+07,1260.798,71.016,0.606,0.606,0.318,0.151,0.137
0.368,2.04E+07,1255.393,75.568,0.607,0.607,0.318,0.151,0.138
0.379,2.099E+07,1245.112,80.213,0.608,0.608,0.318,0.151,0.139
0.39,2.158E+07,1233.747,84.949,0.609,0.609,0.318,0.152,0.14
0.4,2.215E+07,1223.005,89.776,0.611,0.611,0.317,0.152,0.141
0.411,2.272E+07,1213.094,94.69,0.612,0.612,0.317,0.153,0.142
0.421,2.328E+07,1203.353,99.681,0.613,0.613,0.317,0.153,0.143
0.432,2.384E+07,1194.988,104.746,0.615,0.615,0.317,0.154,0.144
0.442,2.438E+07,1186.929,109.887,0.616,0.616,0.316,0.154,0.145
0.452,2.492E+07,1176.534,115.092,0.617,0.617,0.316,0.155,0.147
0.462,2.545E+07,1163.461,120.343,0.619,0.619,0.316,0.155,0.148
0.472,2.596E+07,1150.379,125.628,0.62,0.62,0.315,0.156,0.149
0.481,2.647E+07,1137.263,130.935,0.621,0.622,0.315,0.156,0.15
0.491,2.697E+07,1124.141,136.254,0.623,0.623,0.315,0.157,0.151
0.5,2.745E+07,1110.313,141.583,0.624,0.624,0.315,0.157,0.152
0.509,2.792E+07,1095.845,146.913,0.626,0.626,0.314,0.158,0.154
0.518,2.838E+07,1080.935,152.23,0.627,0.627,0.314,0.158,0.155
0.526,2.883E+07,1063.62,157.503,0.628,0.628,0.314,0.159,0.156
0.535,2.927E+07,1045.945,162.723,0.63,0.63,0.313,0.159,0.157
0.543,2.969E+07,1031.151,167.909,0.631,0.631,0.313,0.16,0.158
0.551,3.01E+07,1018.969,173.075,0.632,0.632,0.313,0.16,0.159
0.559,3.05E+07,1008.566,178.222,0.634,0.634,0.313,0.161,0.161
0.566,3.09E+07,1007.837,183.417,0.635,0.635,0.312,0.161,0.162
0.574,3.13E+07,1008.519,188.675,0.637,0.637,0.312,0.162,0.163
0.581,3.165E+07,932.096,193.381,0.638,0.638,0.312,0.162,0.164
0.586,3.19E+07,785.781,196.942,0.639,0.639,0.311,0.163,0.165
0.59,3.206E+07,627.726,199.219,0.639,0.639,0.311,0.163,0.165
0.591,3.209E+07,405.835,199.67,0.639,0.639,0.311,0.163,0.165
0.589,3.197E+07,174.398,198.227,0.639,0.639,0.311,0.163,0.165
0.586,3.178E+07,50.853,195.8,0.639,0.639,0.312,0.162,0.165
0.583,3.157E+07,25.105,193.203,0.638,0.638,0.312,0.162,0.164
,,,,,,,,
,,,,,,,,
0.581,3.147E+07,6.115,191.913,0.638,0.638,0.312,0.162,0.164
0.579,3.131E+07,0,189.963,0.637,0.637,0.312,0.162,0.164
0.575,3.11E+07,0,187.27,0.637,0.637,0.312,0.162,0.163
0.572,3.088E+07,0,184.622,0.636,0.636,0.312,0.162,0.162
0.568,3.067E+07,0,182.018,0.635,0.635,0.312,0.161,0.162
0.565,3.046E+07,0,179.459,0.635,0.635,0.312,0.161,0.161
0.561,3.025E+07,0,176.945,0.634,0.634,0.312,0.161,0.161
0.558,3.004E+07,0,174.473,0.634,0.634,0.313,0.161,0.16
0.555,2.984E+07,0,172.042,0.633,0.633,0.313,0.16,0.16
0.551,2.963E+07,0,169.65,0.633,0.633,0.313,0.16,0.16
0.548,2.943E+07,0,167.3,0.632,0.632,0.313,0.16,0.159
0.545,2.923E+07,0,164.988,0.631,0.631,0.313,0.16,0.159
0.541,2.904E+07,0,162.714,0.631,0.631,0.313,0.16,0.158
0.538,2.884E+07,0,160.476,0.63,0.63,0.313,0.159,0.158
0.535,2.864E+07,0,158.276,0.63,0.63,0.313,0.159,0.157
0.532,2.845E+07,0,156.11,0.629,0.629,0.313,0.159,0.157
0.529,2.826E+07,0,153.979,0.629,0.629,0.314,0.159,0.156
0.526,2.807E+07,0,151.882,0.628,0.628,0.314,0.159,0.156
0.523,2.788E+07,0,149.819,0.628,0.628,0.314,0.159,0.155
0.519,2.77E+07,0,147.788,0.627,0.627,0.314,0.158,0.155
0.516,2.751E+07,0,145.79,0.627,0.627,0.314,0.158,0.155
0.513,2.733E+07,0,143.822,0.626,0.626,0.314,0.158,0.154
0.51,2.715E+07,0,141.884,0.626,0.626,0.314,0.158,0.154
0.507,2.697E+07,0,139.976,0.625,0.625,0.314,0.158,0.153
0.504,2.679E+07,0,138.098,0.625,0.625,0.314,0.158,0.153
0.501,2.661E+07,0,136.246,0.625,0.625,0.314,0.157,0.153
0.499,2.644E+07,0,134.424,0.624,0.624,0.315,0.157,0.152
0.496,2.626E+07,0,132.63,0.624,0.624,0.315,0.157,0.152
0.493,2.609E+07,0,130.862,0.623,0.623,0.315,0.157,0.152
0.49,2.592E+07,0,129.121,0.623,0.623,0.315,0.157,0.151
0.487,2.575E+07,0,127.405,0.622,0.622,0.315,0.157,0.151
0.484,2.558E+07,0,125.715,0.622,0.622,0.315,0.156,0.15
0.481,2.541E+07,0,124.049,0.622,0.622,0.315,0.156,0.15
0.479,2.524E+07,0,122.409,0.621,0.621,0.315,0.156,0.15
0.476,2.508E+07,0,120.792,0.621,0.621,0.315,0.156,0.149
0.473,2.491E+07,0,119.198,0.62,0.62,0.315,0.156,0.149
0.47,2.475E+07,0,117.627,0.62,0.62,0.315,0.156,0.149
0.468,2.459E+07,0,116.08,0.62,0.62,0.316,0.156,0.148
0.465,2.443E+07,0,114.553,0.619,0.619,0.316,0.155,0.148
0.462,2.427E+07,0,113.049,0.619,0.619,0.316,0.155,0.148
0.459,2.411E+07,0,111.566,0.618,0.618,0.316,0.155,0.147
0.457,2.395E+07,0,110.104,0.618,0.618,0.316,0.155,0.147
0.454,2.38E+07,0,108.662,0.618,0.618,0.316,0.155,0.147
0.452,2.364E+07,0,107.241,0.617,0.617,0.316,0.155,0.147
0.449,2.349E+07,0,105.839,0.617,0.617,0.316,0.155,0.146
0.446,2.333E+07,0,104.458,0.617,0.617,0.316,0.154,0.146
0.444,2.318E+07,0,103.094,0.616,0.616,0.316,0.154,0.146
0.441,2.303E+07,0,101.75,0.616,0.616,0.316,0.154,0.145
0.439,2.288E+07,0,100.423,0.615,0.615,0.316,0.154,0.145
0.436,2.273E+07,0,99.116,0.615,0.615,0.316,0.154,0.145
0.433,2.259E+07,0,97.826,0.615,0.615,0.317,0.154,0.144
0.431,2.244E+07,0,96.553,0.614,0.614,0.317,0.154,0.144
0.428,2.229E+07,0,95.299,0.614,0.614,0.317,0.154,0.144
0.426,2.215E+07,0,94.063,0.614,0.614,0.317,0.154,0.144
0.423,2.201E+07,0,92.845,0.614,0.614,0.317,0.153,0.143
0.421,2.187E+07,0,91.642,0.613,0.613,0.317,0.153,0.143
0.419,2.173E+07,0,90.455,0.613,0.613,0.317,0.153,0.143
0.416,2.159E+07,0,89.285,0.613,0.613,0.317,0.153,0.143
0.414,2.145E+07,0,88.129,0.612,0.612,0.317,0.153,0.142
0.411,2.131E+07,0,86.988,0.612,0.612,0.317,0.153,0.142
0.409,2.117E+07,0,85.863,0.612,0.612,0.317,0.153,0.142
0.407,2.103E+07,0,84.751,0.611,0.611,0.317,0.153,0.141
0.404,2.09E+07,0,83.654,0.611,0.611,0.317,0.153,0.141
0.402,2.076E+07,0,82.571,0.611,0.611,0.317,0.152,0.141
0.399,2.063E+07,0,81.502,0.61,0.61,0.317,0.152,0.141
0.397,2.05E+07,0,80.446,0.61,0.61,0.317,0.152,0.14
0.395,2.036E+07,0,79.404,0.61,0.61,0.318,0.152,0.14
0.392,2.023E+07,0,78.376,0.61,0.61,0.318,0.152,0.14
0.39,2.01E+07,0,77.36,0.609,0.609,0.318,0.152,0.14
0.388,1.997E+07,0,76.357,0.609,0.609,0.318,0.152,0.14
0.386,1.984E+07,0,75.366,0.609,0.609,0.318,0.152,0.139
0.383,1.971E+07,0,74.388,0.609,0.609,0.318,0.152,0.139
0.381,1.958E+07,0,73.423,0.608,0.608,0.318,0.152,0.139
0.379,1.946E+07,0,72.468,0.608,0.608,0.318,0.151,0.139
0.376,1.933E+07,0,71.527,0.608,0.608,0.318,0.151,0.138
0.374,1.92E+07,0,70.596,0.608,0.608,0.318,0.151,0.138
0.372,1.908E+07,0,69.677,0.607,0.607,0.318,0.151,0.138
0.37,1.895E+07,0,68.769,0.607,0.607,0.318,0.151,0.138
0.368,1.883E+07,0,67.873,0.607,0.607,0.318,0.151,0.138
0.365,1.871E+07,0,66.987,0.607,0.607,0.318,0.151,0.137
0.363,1.859E+07,0,66.112,0.606,0.606,0.318,0.151,0.137
0.361,1.846E+07,0,65.248,0.606,0.606,0.318,0.151,0.137
0.359,1.834E+07,0,64.394,0.606,0.606,0.318,0.151,0.137
0.357,1.822E+07,0,63.55,0.606,0.606,0.318,0.151,0.137
0.355,1.81E+07,0,62.717,0.605,0.605,0.319,0.15,0.136
0.352,1.798E+07,0,61.893,0.605,0.605,0.319,0.15,0.136
0.35,1.787E+07,0,61.08,0.605,0.605,0.319,0.15,0.136
0.348,1.775E+07,0,60.276,0.605,0.605,0.319,0.15,0.136
0.346,1.763E+07,0,59.482,0.604,0.604,0.319,0.15,0.136
0.344,1.751E+07,0,58.696,0.604,0.604,0.319,0.15,0.135
0.342,1.74E+07,0,57.92,0.604,0.604,0.319,0.15,0.135
0.34,1.728E+07,0,57.154,0.604,0.604,0.319,0.15,0.135
0.338,1.717E+07,0,56.396,0.604,0.604,0.319,0.15,0.135
0.336,1.705E+07,0,55.648,0.603,0.603,0.319,0.15,0.135
0.334,1.694E+07,0,54.908,0.603,0.603,0.319,0.15,0.134
0.331,1.683E+07,0,54.178,0.603,0.603,0.319,0.15,0.134
0.329,1.671E+07,0,53.455,0.603,0.603,0.319,0.15,0.134
0.327,1.66E+07,0,52.741,0.602,0.602,0.319,0.149,0.134
0.325,1.649E+07,0,52.035,0.602,0.602,0.319,0.149,0.134
0.323,1.638E+07,0,51.338,0.602,0.602,0.319,0.149,0.134
0.321,1.627E+07,0,50.648,0.602,0.602,0.319,0.149,0.133
0.319,1.616E+07,0,49.966,0.602,0.602,0.319,0.149,0.133
0.317,1.605E+07,0,49.292,0.602,0.602,0.319,0.149,0.133
0.315,1.594E+07,0,48.627,0.601,0.601,0.319,0.149,0.133
0.313,1.583E+07,0,47.969,0.601,0.601,0.319,0.149,0.133
0.311,1.572E+07,0,47.319,0.601,0.601,0.319,0.149,0.133
0.309,1.562E+07,0,46.676,0.601,0.601,0.319,0.149,0.132
0.307,1.551E+07,0,46.04,0.601,0.601,0.32,0.149,0.132
0.305,1.54E+07,0,45.412,0.6,0.6,0.32,0.149,0.132
0.303,1.53E+07,0,44.79,0.6,0.6,0.32,0.149,0.132
0.302,1.519E+07,0,44.176,0.6,0.6,0.32,0.149,0.132
0.3,1.509E+07,0,43.569,0.6,0.6,0.32,0.148,0.132
0.298,1.498E+07,0,42.969,0.6,0.6,0.32,0.148,0.132
0.296,1.488E+07,0,42.375,0.599,0.599,0.32,0.148,0.131
0.294,1.478E+07,0,41.788,0.599,0.599,0.32,0.148,0.131
0.292,1.467E+07,0,41.208,0.599,0.599,0.32,0.148,0.131
0.29,1.457E+07,0,40.635,0.599,0.599,0.32,0.148,0.131
0.288,1.447E+07,0,40.067,0.599,0.599,0.32,0.148,0.131
0.286,1.437E+07,0,39.507,0.599,0.599,0.32,0.148,0.131
0.284,1.426E+07,0,38.952,0.598,0.598,0.32,0.148,0.131
0.282,1.416E+07,0,38.404,0.598,0.598,0.32,0.148,0.13
0.28,1.406E+07,0,37.862,0.598,0.598,0.32,0.148,0.13
0.279,1.396E+07,0,37.327,0.598,0.598,0.32,0.148,0.13
0.277,1.386E+07,0,36.797,0.598,0.598,0.32,0.148,0.13
0.275,1.376E+07,0,36.272,0.598,0.598,0.32,0.148,0.13
0.273,1.366E+07,0,35.754,0.598,0.598,0.32,0.148,0.13
0.271,1.357E+07,0,35.241,0.597,0.597,0.32,0.148,0.13
0.269,1.347E+07,0,34.735,0.597,0.597,0.32,0.148,0.129
0.267,1.337E+07,0,34.234,0.597,0.597,0.32,0.148,0.129
0.266,1.327E+07,0,33.739,0.597,0.597,0.32,0.147,0.129
0.264,1.318E+07,0,33.249,0.597,0.597,0.32,0.147,0.129
0.262,1.308E+07,0,32.765,0.597,0.597,0.32,0.147,0.129
0.26,1.298E+07,0,32.286,0.596,0.596,0.32,0.147,0.129
0.258,1.289E+07,0,31.812,0.596,0.596,0.32,0.147,0.129
0.257,1.279E+07,0,31.344,0.596,0.596,0.32,0.147,0.129
0.255,1.27E+07,0,30.881,0.596,0.596,0.32,0.147,0.128
0.253,1.26E+07,0,30.423,0.596,0.596,0.321,0.147,0.128
0.251,1.251E+07,0,29.97,0.596,0.596,0.321,0.147,0.128
0.249,1.241E+07,0,29.522,0.596,0.596,0.321,0.147,0.128
0.248,1.232E+07,0,29.079,0.596,0.596,0.321,0.147,0.128
0.246,1.223E+07,0,28.641,0.595,0.595,0.321,0.147,0.128
0.244,1.213E+07,0,28.208,0.595,0.595,0.321,0.147,0.128
0.242,1.204E+07,0,27.78,0.595,0.595,0.321,0.147,0.128
0.24,1.195E+07,0,27.358,0.595,0.595,0.321,0.147,0.128
0.239,1.186E+07,0,26.94,0.595,0.595,0.321,0.147,0.127
0.237,1.177E+07,0,26.526,0.595,0.595,0.321,0.147,0.127
0.235,1.167E+07,0,26.117,0.595,0.595,0.321,0.147,0.127
0.233,1.158E+07,0,25.713,0.594,0.594,0.321,0.147,0.127
0.232,1.149E+07,0,25.314,0.594,0.594,0.321,0.147,0.127
0.23,1.14E+07,0,24.918,0.594,0.594,0.321,0.146,0.127
0.228,1.131E+07,0,24.528,0.594,0.594,0.321,0.146,0.127
0.227,1.122E+07,0,24.141,0.594,0.594,0.321,0.146,0.127
0.225,1.113E+07,0,23.759,0.594,0.594,0.321,0.146,0.127
0.223,1.104E+07,0,23.381,0.594,0.594,0.321,0.146,0.126
0.221,1.096E+07,0,23.008,0.594,0.594,0.321,0.146,0.126
0.22,1.087E+07,0,22.639,0.594,0.594,0.321,0.146,0.126
0.218,1.078E+07,0,22.274,0.593,0.593,0.321,0.146,0.126
0.216,1.069E+07,0,21.912,0.593,0.593,0.321,0.146,0.126
0.215,1.06E+07,0,21.555,0.593,0.593,0.321,0.146,0.126
0.213,1.052E+07,0,21.202,0.593,0.593,0.321,0.146,0.126
0.211,1.043E+07,0,20.853,0.593,0.593,0.321,0.146,0.126
0.209,1.034E+07,0,20.508,0.593,0.593,0.321,0.146,0.126
0.208,1.026E+07,0,20.167,0.593,0.593,0.321,0.146,0.126
0.206,1.017E+07,0,19.829,0.593,0.593,0.321,0.146,0.126
0.204,1.008E+07,0,19.496,0.593,0.593,0.321,0.146,0.125
0.203,9.998E+06,0,19.166,0.592,0.592,0.321,0.146,0.125
0.201,9.912E+06,0,18.84,0.592,0.592,0.321,0.146,0.125
0.199,9.827E+06,0,18.518,0.592,0.592,0.321,0.146,0.125
0.198,9.742E+06,0,18.199,0.592,0.592,0.321,0.146,0.125
0.196,9.657E+06,0,17.884,0.592,0.592,0.321,0.146,0.125
0.194,9.572E+06,0,17.573,0.592,0.592,0.321,0.146,0.125
0.193,9.488E+06,0,17.265,0.592,0.592,0.321,0.146,0.125
0.191,9.404E+06,0,16.961,0.592,0.592,0.321,0.146,0.125
0.189,9.32E+06,0,16.66,0.592,0.592,0.321,0.146,0.125
0.188,9.236E+06,0,16.363,0.592,0.592,0.321,0.146,0.125
0.186,9.153E+06,0,16.07,0.591,0.591,0.321,0.146,0.125
0.185,9.07E+06,0,15.779,0.591,0.591,0.321,0.145,0.124
0.183,8.987E+06,0,15.493,0.591,0.591,0.322,0.145,0.124
0.181,8.904E+06,0,15.21,0.591,0.591,0.322,0.145,0.124
0.18,8.822E+06,0,14.93,0.591,0.591,0.322,0.145,0.124
0.178,8.74E+06,0,14.653,0.591,0.591,0.322,0.145,0.124
0.176,8.657E+06,0,14.379,0.591,0.591,0.322,0.145,0.124
0.175,8.576E+06,0,14.109,0.591,0.591,0.322,0.145,0.124
0.173,8.494E+06,0,13.842,0.591,0.591,0.322,0.145,0.124
0.171,8.412E+06,0,13.578,0.591,0.591,0.322,0.145,0.124
0.17,8.331E+06,0,13.317,0.591,0.591,0.322,0.145,0.124
0.168,8.25E+06,0,13.06,0.591,0.591,0.322,0.145,0.124
0.167,8.169E+06,0,12.806,0.59,0.59,0.322,0.145,0.124
0.165,8.088E+06,0,12.554,0.59,0.59,0.322,0.145,0.124
0.163,8.008E+06,0,12.306,0.59,0.59,0.322,0.145,0.123
0.162,7.928E+06,0,12.061,0.59,0.59,0.322,0.145,0.123
0.16,7.848E+06,0,11.819,0.59,0.59,0.322,0.145,0.123
0.159,7.768E+06,0,11.58,0.59,0.59,0.322,0.145,0.123
0.157,7.688E+06,0,11.344,0.59,0.59,0.322,0.145,0.123
0.156,7.608E+06,0,11.111,0.59,0.59,0.322,0.145,0.123
0.154,7.529E+06,0,10.88,0.59,0.59,0.322,0.145,0.123
0.152,7.45E+06,0,10.653,0.59,0.59,0.322,0.145,0.123
0.151,7.371E+06,0,10.429,0.59,0.59,0.322,0.145,0.123
0.149,7.292E+06,0,10.207,0.59,0.59,0.322,0.145,0.123
0.148,7.213E+06,0,9.988,0.59,0.59,0.322,0.145,0.123
0.146,7.135E+06,0,9.773,0.589,0.589,0.322,0.145,0.123
0.144,7.057E+06,0,9.56,0.589,0.589,0.322,0.145,0.123
0.143,6.978E+06,0,9.349,0.589,0.589,0.322,0.145,0.123
0.141,6.9E+06,0,9.141,0.589,0.589,0.322,0.145,0.123
0.14,6.822E+06,0,8.937,0.589,0.589,0.322,0.145,0.123
0.138,6.745E+06,0,8.735,0.589,0.589,0.322,0.145,0.122
0.137,6.667E+06,0,8.536,0.589,0.589,0.322,0.145,0.122
0.135,6.59E+06,0,8.339,0.589,0.589,0.322,0.145,0.122
0.134,6.513E+06,0,8.145,0.589,0.589,0.322,0.145,0.122
0.132,6.436E+06,0,7.953,0.589,0.589,0.322,0.145,0.122
0.13,6.359E+06,0,7.765,0.589,0.589,0.322,0.145,0.122
0.129,6.282E+06,0,7.578,0.589,0.589,0.322,0.145,0.122
0.127,6.205E+06,0,7.395,0.589,0.589,0.322,0.145,0.122
0.126,6.129E+06,0,7.214,0.589,0.589,0.322,0.144,0.122
0.124,6.052E+06,0,7.036,0.589,0.589,0.322,0.144,0.122
0.123,5.976E+06,0,6.86,0.588,0.589,0.322,0.144,0.122
0.121,5.9E+06,0,6.687,0.588,0.588,0.322,0.144,0.122
0.12,5.824E+06,0,6.516,0.588,0.588,0.322,0.144,0.122
0.118,5.749E+06,0,6.348,0.588,0.588,0.322,0.144,0.122
0.117,5.673E+06,0,6.182,0.588,0.588,0.322,0.144,0.122
0.115,5.598E+06,0,6.019,0.588,0.588,0.322,0.144,0.122
0.113,5.522E+06,0,5.858,0.588,0.588,0.322,0.144,0.122
0.112,5.447E+06,0,5.7,0.588,0.588,0.322,0.144,0.122
0.11,5.372E+06,0,5.544,0.588,0.588,0.322,0.144,0.122
0.109,5.297E+06,0,5.39,0.588,0.588,0.322,0.144,0.122
0.107,5.222E+06,0,5.239,0.588,0.588,0.322,0.144,0.121
0.106,5.147E+06,0,5.091,0.588,0.588,0.322,0.144,0.121
0.104,5.073E+06,0,4.944,0.588,0.588,0.322,0.144,0.121
0.103,4.998E+06,0,4.801,0.588,0.588,0.322,0.144,0.121
0.101,4.924E+06,0,4.659,0.588,0.588,0.322,0.144,0.121
0.1,4.85E+06,0,4.519,0.588,0.588,0.322,0.144,0.121
0.098,4.775E+06,0,4.382,0.588,0.588,0.322,0.144,0.121
0.097,4.702E+06,0,4.248,0.588,0.588,0.322,0.144,0.121
0.095,4.628E+06,0,4.115,0.588,0.588,0.322,0.144,0.121
0.094,4.554E+06,0,3.985,0.588,0.588,0.322,0.144,0.121
0.092,4.48E+06,0,3.857,0.588,0.588,0.322,0.144,0.121
0.091,4.406E+06,0,3.731,0.587,0.587,0.322,0.144,0.121
0.089,4.333E+06,0,3.608,0.587,0.587,0.322,0.144,0.121
0.088,4.259E+06,0,3.486,0.587,0.587,0.322,0.144,0.121
0.086,4.186E+06,0,3.368,0.587,0.587,0.322,0.144,0.121
0.085,4.113E+06,0,3.251,0.587,0.587,0.322,0.144,0.121
0.083,4.04E+06,0,3.137,0.587,0.587,0.322,0.144,0.121
0.082,3.967E+06,0,3.025,0.587,0.587,0.322,0.144,0.121
0.08,3.894E+06,0,2.914,0.587,0.587,0.322,0.144,0.121
0.079,3.821E+06,0,2.806,0.587,0.587,0.322,0.144,0.121
0.077,3.748E+06,0,2.701,0.587,0.587,0.322,0.144,0.121
0.076,3.676E+06,0,2.597,0.587,0.587,0.322,0.144,0.121
0.074,3.603E+06,0,2.496,0.587,0.587,0.322,0.144,0.121
0.073,3.531E+06,0,2.397,0.587,0.587,0.322,0.144,0.121
0.071,3.458E+06,0,2.3,0.587,0.587,0.322,0.144,0.121
0.07,3.386E+06,0,2.205,0.587,0.587,0.322,0.144,0.121
0.068,3.314E+06,0,2.112,0.587,0.587,0.322,0.144,0.121
0.067,3.242E+06,0,2.022,0.587,0.587,0.322,0.144,0.121
0.065,3.17E+06,0,1.933,0.587,0.587,0.322,0.144,0.121
0.064,3.098E+06,0,1.847,0.587,0.587,0.322,0.144,0.121
0.062,3.027E+06,0,1.763,0.587,0.588,0.322,0.144,0.121
0.061,2.955E+06,0,1.682,0.587,0.588,0.322,0.144,0.12
0.06,2.884E+06,0,1.602,0.587,0.588,0.322,0.144,0.12
0.058,2.812E+06,0,1.524,0.587,0.588,0.322,0.144,0.12
0.057,2.741E+06,0,1.449,0.587,0.588,0.322,0.144,0.12
0.055,2.67E+06,0,1.375,0.587,0.589,0.322,0.144,0.12
0.054,2.599E+06,0,1.304,0.587,0.589,0.322,0.144,0.12
0.052,2.528E+06,0,1.235,0.587,0.59,0.322,0.144,0.12
0.051,2.457E+06,0,1.168,0.587,0.59,0.322,0.144,0.12
0.049,2.386E+06,0,1.102,0.587,0.591,0.323,0.144,0.12
0.048,2.316E+06,0,1.04,0.587,0.591,0.323,0.144,0.12
0.046,2.245E+06,0,0.979,0.587,0.592,0.323,0.144,0.12
0.045,2.175E+06,0,0.921,0.587,0.594,0.323,0.144,0.12
0.043,2.105E+06,0,0.864,0.587,0.595,0.323,0.144,0.12
0.042,2.034E+06,0,0.809,0.586,0.596,0.323,0.144,0.12
0.041,1.965E+06,0,0.76,0.588,0.6,0.324,0.144,0.12
0.039,1.895E+06,0,0.712,0.59,0.605,0.326,0.144,0.12
0.038,1.825E+06,0,0.666,0.593,0.61,0.329,0.144,0.12
0.036,1.756E+06,0,0.622,0.595,0.615,0.331,0.144,0.12
0.035,1.686E+06,0,0.58,0.598,0.622,0.334,0.144,0.12
0.033,1.617E+06,0,0.538,0.6,0.628,0.336,0.144,0.12
0.032,1.548E+06,0,0.5,0.603,0.637,0.339,0.144,0.12
0.031,1.48E+06,0,0.465,0.606,0.648,0.342,0.144,0.12
0.029,1.412E+06,0,0.431,0.609,0.659,0.345,0.144,0.12
0.028,1.344E+06,0,0.398,0.612,0.672,0.348,0.144,0.12
0.026,1.276E+06,0,0.367,0.616,0.687,0.352,0.144,0.12
0.025,1.21E+06,0,0.338,0.619,0.705,0.356,0.144,0.12
0.024,1.143E+06,0,0.311,0.623,0.726,0.36,0.144,0.12
0.022,1.077E+06,0,0.285,0.628,0.748,0.364,0.144,0.12
0.021,1.013E+06,0,0.261,0.632,0.775,0.368,0.144,0.12
0.02,9.483E+05,0,0.236,0.637,0.801,0.373,0.144,0.12
0.018,8.855E+05,0,0.212,0.642,0.825,0.378,0.144,0.12
0.017,8.225E+05,0,0.187,0.648,0.842,0.384,0.144,0.12
0.016,7.629E+05,0,0.161,0.654,0.845,0.39,0.144,0.12
0.015,7.052E+05,0,0.136,0.66,0.835,0.396,0.144,0.12
0.013,6.492E+05,0,0.112,0.667,0.807,0.403,0.144,0.12
0.012,5.967E+05,0,0.088,0.674,0.754,0.41,0.144,0.12
0.011,5.498E+05,0,0.066,0.681,0.668,0.417,0.144,0.12
0.011,5.078E+05,0,0.046,0.688,0.549,0.424,0.144,0.12
0.01,4.734E+05,0,0.03,0.694,0.404,0.431,0.144,0.12
0.009,4.468E+05,0,0.016,0.7,0.251,0.436,0.144,0.12
0.009,4.282E+05,0,0.007,0.704,0.121,0.44,0.144,0.12
,,,,,,,,
0.009,4.23E+05,0,0.002,0.705,0.037,0.441,0.144,0.12
,,,,,,,,
0.009,4.272E+05,0,2.177E-04,0.704,0.004,0.44,0.144,0.12
0.009,4.284E+05,0,1.609,NaN,NaN,NaN,NaN,NaN
0.009,8.927E+05,0,1.619,NaN,NaN,NaN,NaN,NaN
0.019,1.521E+06,0,7.052,NaN,NaN,NaN,NaN,NaN
0.031,2.083E+06,0,20.42,NaN,NaN,NaN,NaN,NaN
0.043,2.43E+06,0,38.245,NaN,NaN,NaN,NaN,NaN
0.05,2.71E+06,0,52.031,NaN,NaN,NaN,NaN,NaN
0.056,2.952E+06,0,64.707,NaN,NaN,NaN,NaN,NaN
0.061,3.166E+06,0,76.751,NaN,NaN,NaN,NaN,NaN
0.065,3.356E+06,0,88.26,NaN,NaN,NaN,NaN,NaN
0.069,3.521E+06,0,99.151,NaN,NaN,NaN,NaN,NaN
0.073,3.633E+06,0,109.127,NaN,NaN,NaN,NaN,NaN
0.075,3.706E+06,0,116.064,NaN,NaN,NaN,NaN,NaN
0.076,3.754E+06,0,120.726,NaN,NaN,NaN,NaN,NaN
0.077,3.786E+06,0,123.785,NaN,NaN,NaN,NaN,NaN
0.078,3.806E+06,0,125.761,NaN,NaN,NaN,NaN,NaN
0.078,3.82E+06,0,127.026,NaN,NaN,NaN,NaN,NaN
0.078,3.829E+06,0,127.831,NaN,NaN,NaN,NaN,NaN
0.078,3.835E+06,0,128.345,NaN,NaN,NaN,NaN,NaN
0.078,3.84E+06,0,128.669,NaN,NaN,NaN,NaN,NaN
0.078,3.843E+06,0,128.874,NaN,NaN,NaN,NaN,NaN
0.078,3.846E+06,0,128.998,NaN,NaN,NaN,NaN,NaN
0.078,3.848E+06,0,129.08,NaN,NaN,NaN,NaN,NaN
0.078,3.85E+06,0,129.129,NaN,NaN,NaN,NaN,NaN
0.078,3.852E+06,0,129.16,NaN,NaN,NaN,NaN,NaN
0.078,3.854E+06,0,129.179,NaN,NaN,NaN,NaN,NaN
0.078,3.856E+06,0,129.192,NaN,NaN,NaN,NaN,NaN
0.078,3.857E+06,0,129.198,NaN,NaN,NaN,NaN,NaN
0.078,3.859E+06,0,129.202,NaN,NaN,NaN,NaN,NaN
0.078,3.86E+06,0,129.204,NaN,NaN,NaN,NaN,NaN
0.078,3.862E+06,0,129.206,NaN,NaN,NaN,NaN,NaN
0.078,3.863E+06,0,129.217,NaN,NaN,NaN,NaN,NaN
0.078,3.865E+06,0,129.223,NaN,NaN,NaN,NaN,NaN
0.078,3.867E+06,0,129.226,NaN,NaN,NaN,NaN,NaN
0.077,3.868E+06,0,129.228,NaN,NaN,NaN,NaN,NaN
0.077,3.87E+06,0,129.229,NaN,NaN,NaN,NaN,NaN
0.077,3.872E+06,0,129.229,NaN,NaN,NaN,NaN,NaN
0.077,3.873E+06,0,129.229,NaN,NaN,NaN,NaN,NaN
0.077,3.875E+06,0,129.228,NaN,NaN,NaN,NaN,NaN
0.077,3.877E+06,0,129.228,NaN,NaN,NaN,NaN,NaN
0.077,3.878E+06,0,129.227,NaN,NaN,NaN,NaN,NaN
0.077,3.88E+06,0,129.226,NaN,NaN,NaN,NaN,NaN
0.077,3.881E+06,0,129.225,NaN,NaN,NaN,NaN,NaN
0.077,3.883E+06,0,129.224,NaN,NaN,NaN,NaN,NaN
0.077,3.884E+06,0,129.223,NaN,NaN,NaN,NaN,NaN
0.077,3.886E+06,0,129.223,NaN,NaN,NaN,NaN,NaN
0.077,3.888E+06,0,129.222,NaN,NaN,NaN,NaN,NaN
0.077,3.889E+06,0,129.221,NaN,NaN,NaN,NaN,NaN
0.077,3.891E+06,0,129.22,NaN,NaN,NaN,NaN,NaN
0.077,3.892E+06,0,129.219,NaN,NaN,NaN,NaN,NaN
0.077,3.894E+06,0,129.218,NaN,NaN,NaN,NaN,NaN
0.076,3.895E+06,0,129.218,NaN,NaN,NaN,NaN,NaN
0.076,3.897E+06,0,129.217,NaN,NaN,NaN,NaN,NaN
0.076,3.898E+06,0,129.216,NaN,NaN,NaN,NaN,NaN
0.076,3.9E+06,0,129.215,NaN,NaN,NaN,NaN,NaN
0.076,3.901E+06,0,129.214,NaN,NaN,NaN,NaN,NaN
0.076,3.903E+06,0,129.214,NaN,NaN,NaN,NaN,NaN
0.076,3.905E+06,0,129.213,NaN,NaN,NaN,NaN,NaN
0.076,3.906E+06,0,129.212,NaN,NaN,NaN,NaN,NaN
0.076,3.908E+06,0,129.211,NaN,NaN,NaN,NaN,NaN
0.076,3.909E+06,0,129.21,NaN,NaN,NaN,NaN,NaN
0.076,3.911E+06,0,129.21,NaN,NaN,NaN,NaN,NaN
0.076,3.912E+06,0,129.209,NaN,NaN,NaN,NaN,NaN
0.076,3.913E+06,0,129.208,NaN,NaN,NaN,NaN,NaN
0.076,3.915E+06,0,129.207,NaN,NaN,NaN,NaN,NaN
0.076,3.916E+06,0,129.207,NaN,NaN,NaN,NaN,NaN
0.076,3.918E+06,0,129.206,NaN,NaN,NaN,NaN,NaN
0.076,3.919E+06,0,129.205,NaN,NaN,NaN,NaN,NaN
0.075,3.921E+06,0,129.204,NaN,NaN,NaN,NaN,NaN
0.075,3.922E+06,0,129.204,NaN,NaN,NaN,NaN,NaN
0.075,3.924E+06,0,129.213,NaN,NaN,NaN,NaN,NaN
0.075,3.926E+06,0,129.218,NaN,NaN,NaN,NaN,NaN
0.075,3.927E+06,0,129.221,NaN,NaN,NaN,NaN,NaN
0.075,3.929E+06,0,129.222,NaN,NaN,NaN,NaN,NaN
0.075,3.93E+06,0,129.223,NaN,NaN,NaN,NaN,NaN
0.075,3.932E+06,0,129.223,NaN,NaN,NaN,NaN,NaN
0.075,3.934E+06,0,129.223,NaN,NaN,NaN,NaN,NaN
0.075,3.935E+06,0,129.222,NaN,NaN,NaN,NaN,NaN
0.075,3.937E+06,0,129.222,NaN,NaN,NaN,NaN,NaN
0.075,3.938E+06,0,129.221,NaN,NaN,NaN,NaN,NaN
0.075,3.94E+06,0,129.22,NaN,NaN,NaN,NaN,NaN
0.075,3.941E+06,0,129.22,NaN,NaN,NaN,NaN,NaN
0.075,3.943E+06,0,129.219,NaN,NaN,NaN,NaN,NaN
0.075,3.945E+06,0,129.218,NaN,NaN,NaN,NaN,NaN
0.075,3.946E+06,0,129.217,NaN,NaN,NaN,NaN,NaN
0.074,3.948E+06,0,129.216,NaN,NaN,NaN,NaN,NaN
0.074,3.949E+06,0,129.216,NaN,NaN,NaN,NaN,NaN
0.074,3.951E+06,0,129.215,NaN,NaN,NaN,NaN,NaN
0.074,3.952E+06,0,129.214,NaN,NaN,NaN,NaN,NaN
0.074,3.954E+06,0,129.214,NaN,NaN,NaN,NaN,NaN
0.074,3.955E+06,0,129.213,NaN,NaN,NaN,NaN,NaN
0.074,3.957E+06,0,129.212,NaN,NaN,NaN,NaN,NaN
0.074,3.958E+06,0,129.211,NaN,NaN,NaN,NaN,NaN
0.074,3.96E+06,0,129.211,NaN,NaN,NaN,NaN,NaN
0.074,3.961E+06,0,129.21,NaN,NaN,NaN,NaN,NaN
0.074,3.963E+06,0,129.209,NaN,NaN,NaN,NaN,NaN
0.074,3.964E+06,0,129.209,NaN,NaN,NaN,NaN,NaN
0.074,3.966E+06,0,129.208,NaN,NaN,NaN,NaN,NaN
0.074,3.967E+06,0,129.207,NaN,NaN,NaN,NaN,NaN
0.074,3.969E+06,0,129.207,NaN,NaN,NaN,NaN,NaN
0.074,3.97E+06,0,129.206,NaN,NaN,NaN,NaN,NaN
0.074,3.972E+06,0,129.206,NaN,NaN,NaN,NaN,NaN
0.074,3.973E+06,0,129.205,NaN,NaN,NaN,NaN,NaN
0.073,3.974E+06,0,129.204,NaN,NaN,NaN,NaN,NaN
0.073,3.976E+06,0,129.203,NaN,NaN,NaN,NaN,NaN
0.073,3.977E+06,0,129.203,NaN,NaN,NaN,NaN,NaN
0.073,3.979E+06,0,129.202,NaN,NaN,NaN,NaN,NaN
0.073,3.98E+06,0,129.201,NaN,NaN,NaN,NaN,NaN
0.073,3.982E+06,0,129.201,NaN,NaN,NaN,NaN,NaN
0.073,3.983E+06,0,129.202,NaN,NaN,NaN,NaN,NaN
0.073,3.985E+06,0,129.21,NaN,NaN,NaN,NaN,NaN
0.073,3.986E+06,0,129.214,NaN,NaN,NaN,NaN,NaN
0.073,3.988E+06,0,129.217,NaN,NaN,NaN,NaN,NaN
0.073,3.99E+06,0,129.218,NaN,NaN,NaN,NaN,NaN
0.073,3.991E+06,0,129.219,NaN,NaN,NaN,NaN,NaN
0.073,3.993E+06,0,129.219,NaN,NaN,NaN,NaN,NaN
0.073,3.994E+06,0,129.218,NaN,NaN,NaN,NaN,NaN
0.073,3.996E+06,0,129.218,NaN,NaN,NaN,NaN,NaN
,,,,,,,,
0.073,3.997E+06,0,129.217,NaN,NaN,NaN,NaN,NaN
0.073,3.92E+06,0,3728.546,NaN,NaN,NaN,NaN,NaN
0.071,3.877E+06,0,3578.55,NaN,NaN,NaN,NaN,NaN
0.07,3.836E+06,0,3501.046,NaN,NaN,NaN,NaN,NaN
0.07,3.795E+06,0,3426.103,NaN,NaN,NaN,NaN,NaN
0.069,3.755E+06,0,3353.609,NaN,NaN,NaN,NaN,NaN
0.068,3.716E+06,0,3283.459,NaN,NaN,NaN,NaN,NaN
0.067,3.678E+06,0,3215.552,NaN,NaN,NaN,NaN,NaN
0.067,3.64E+06,0,3149.794,NaN,NaN,NaN,NaN,NaN
0.066,3.604E+06,0,3086.095,NaN,NaN,NaN,NaN,NaN
0.065,3.568E+06,0,3024.369,NaN,NaN,NaN,NaN,NaN
0.065,3.533E+06,0,2964.535,NaN,NaN,NaN,NaN,NaN
0.064,3.498E+06,0,2906.517,NaN,NaN,NaN,NaN,NaN
0.063,3.465E+06,0,2850.242,NaN,NaN,NaN,NaN,NaN
0.063,3.432E+06,0,2795.641,NaN,NaN,NaN,NaN,NaN
0.062,3.399E+06,0,2742.647,NaN,NaN,NaN,NaN,NaN
0.062,3.368E+06,0,2691.198,NaN,NaN,NaN,NaN,NaN
0.061,3.337E+06,0,2641.235,NaN,NaN,NaN,NaN,NaN
0.061,3.306E+06,0,2592.701,NaN,NaN,NaN,NaN,NaN
0.06,3.276E+06,0,2545.541,NaN,NaN,NaN,NaN,NaN
0.059,3.247E+06,0,2499.704,NaN,NaN,NaN,NaN,NaN
0.059,3.218E+06,0,2455.142,NaN,NaN,NaN,NaN,NaN
0.058,3.19E+06,0,2411.806,NaN,NaN,NaN,NaN,NaN
0.058,3.162E+06,0,2369.653,NaN,NaN,NaN,NaN,NaN
0.057,3.135E+06,0,2328.64,NaN,NaN,NaN,NaN,NaN
0.057,3.108E+06,0,2288.725,NaN,NaN,NaN,NaN,NaN
0.056,3.082E+06,0,2249.87,NaN,NaN,NaN,NaN,NaN
0.056,3.056E+06,0,2212.038,NaN,NaN,NaN,NaN,NaN
0.055,3.031E+06,0,2175.193,NaN,NaN,NaN,NaN,NaN
0.055,3.006E+06,0,2139.301,NaN,NaN,NaN,NaN,NaN
0.055,2.982E+06,0,2104.33,NaN,NaN,NaN,NaN,NaN
0.054,2.958E+06,0,2070.247,NaN,NaN,NaN,NaN,NaN
0.054,2.934E+06,0,2037.023,NaN,NaN,NaN,NaN,NaN
0.053,2.911E+06,0,2004.63,NaN,NaN,NaN,NaN,NaN
0.053,2.888E+06,0,1973.04,NaN,NaN,NaN,NaN,NaN
0.052,2.865E+06,0,1942.226,NaN,NaN,NaN,NaN,NaN
0.052,2.843E+06,0,1912.163,NaN,NaN,NaN,NaN,NaN
0.052,2.822E+06,0,1882.828,NaN,NaN,NaN,NaN,NaN
0.051,2.8E+06,0,1854.196,NaN,NaN,NaN,NaN,NaN
0.051,2.779E+06,0,1826.246,NaN,NaN,NaN,NaN,NaN
0.05,2.759E+06,0,1798.955,NaN,NaN,NaN,NaN,NaN
0.05,2.738E+06,0,1772.304,NaN,NaN,NaN,NaN,NaN
0.05,2.718E+06,0,1746.272,NaN,NaN,NaN,NaN,NaN
0.049,2.699E+06,0,1720.841,NaN,NaN,NaN,NaN,NaN
0.049,2.679E+06,0,1695.992,NaN,NaN,NaN,NaN,NaN
0.049,2.66E+06,0,1671.707,NaN,NaN,NaN,NaN,NaN
0.048,2.641E+06,0,1647.969,NaN,NaN,NaN,NaN,NaN
0.048,2.623E+06,0,1624.762,NaN,NaN,NaN,NaN,NaN
0.048,2.605E+06,0,1602.071,NaN,NaN,NaN,NaN,NaN
0.047,2.587E+06,0,1579.88,NaN,NaN,NaN,NaN,NaN
0.047,2.569E+06,0,1558.174,NaN,NaN,NaN,NaN,NaN
0.047,2.552E+06,0,1536.94,NaN,NaN,NaN,NaN,NaN
0.046,2.534E+06,0,1516.164,NaN,NaN,NaN,NaN,NaN
0.046,2.517E+06,0,1495.832,NaN,NaN,NaN,NaN,NaN
0.046,2.501E+06,0,1475.933,NaN,NaN,NaN,NaN,NaN
0.045,2.484E+06,0,1456.454,NaN,NaN,NaN,NaN,NaN
0.045,2.468E+06,0,1437.383,NaN,NaN,NaN,NaN,NaN
0.045,2.452E+06,0,1418.708,NaN,NaN,NaN,NaN,NaN
0.044,2.437E+06,0,1400.42,NaN,NaN,NaN,NaN,NaN
0.044,2.421E+06,0,1382.508,NaN,NaN,NaN,NaN,NaN
0.044,2.406E+06,0,1364.96,NaN,NaN,NaN,NaN,NaN
0.044,2.391E+06,0,1347.768,NaN,NaN,NaN,NaN,NaN
0.043,2.376E+06,0,1330.922,NaN,NaN,NaN,NaN,NaN
0.043,2.361E+06,0,1314.412,NaN,NaN,NaN,NaN,NaN
0.043,2.347E+06,0,1298.23,NaN,NaN,NaN,NaN,NaN
0.043,2.332E+06,0,1282.367,NaN,NaN,NaN,NaN,NaN
0.042,2.318E+06,0,1266.814,NaN,NaN,NaN,NaN,NaN
0.042,2.304E+06,0,1251.564,NaN,NaN,NaN,NaN,NaN
0.042,2.291E+06,0,1236.61,NaN,NaN,NaN,NaN,NaN
0.042,2.277E+06,0,1221.942,NaN,NaN,NaN,NaN,NaN
0.041,2.264E+06,0,1207.554,NaN,NaN,NaN,NaN,NaN
0.041,2.251E+06,0,1193.44,NaN,NaN,NaN,NaN,NaN
0.041,2.238E+06,0,1179.591,NaN,NaN,NaN,NaN,NaN
0.041,2.225E+06,0,1166.002,NaN,NaN,NaN,NaN,NaN
0.04,2.212E+06,0,1152.665,NaN,NaN,NaN,NaN,NaN
0.04,2.2E+06,0,1139.576,NaN,NaN,NaN,NaN,NaN
0.04,2.187E+06,0,1126.675,NaN,NaN,NaN,NaN,NaN
0.04,2.174E+06,0,1113.775,NaN,NaN,NaN,NaN,NaN
0.039,2.161E+06,0,1100.877,NaN,NaN,NaN,NaN,NaN
0.039,2.149E+06,0,1087.983,NaN,NaN,NaN,NaN,NaN
0.039,2.136E+06,0,1075.091,NaN,NaN,NaN,NaN,NaN
0.039,2.123E+06,0,1062.203,NaN,NaN,NaN,NaN,NaN
0.039,2.11E+06,0,1049.318,NaN,NaN,NaN,NaN,NaN
0.038,2.097E+06,0,1036.437,NaN,NaN,NaN,NaN,NaN
0.038,2.083E+06,0,1023.559,NaN,NaN,NaN,NaN,NaN
0.038,2.07E+06,0,1010.684,NaN,NaN,NaN,NaN,NaN
0.038,2.057E+06,0,997.813,NaN,NaN,NaN,NaN,NaN
0.037,2.043E+06,0,984.946,NaN,NaN,NaN,NaN,NaN
0.037,2.03E+06,0,972.083,NaN,NaN,NaN,NaN,NaN
0.037,2.016E+06,0,959.223,NaN,NaN,NaN,NaN,NaN
0.037,2.002E+06,0,946.368,NaN,NaN,NaN,NaN,NaN
0.036,1.988E+06,0,933.517,NaN,NaN,NaN,NaN,NaN
0.036,1.974E+06,0,920.67,NaN,NaN,NaN,NaN,NaN
0.036,1.96E+06,0,907.827,NaN,NaN,NaN,NaN,NaN
0.036,1.946E+06,0,894.989,NaN,NaN,NaN,NaN,NaN
0.035,1.932E+06,0,882.156,NaN,NaN,NaN,NaN,NaN
0.035,1.918E+06,0,869.327,NaN,NaN,NaN,NaN,NaN
0.035,1.903E+06,0,856.504,NaN,NaN,NaN,NaN,NaN
0.035,1.889E+06,0,843.685,NaN,NaN,NaN,NaN,NaN
0.034,1.874E+06,0,830.872,NaN,NaN,NaN,NaN,NaN
0.034,1.86E+06,0,818.065,NaN,NaN,NaN,NaN,NaN
0.034,1.845E+06,0,805.263,NaN,NaN,NaN,NaN,NaN
0.033,1.83E+06,0,792.467,NaN,NaN,NaN,NaN,NaN
0.033,1.815E+06,0,779.677,NaN,NaN,NaN,NaN,NaN
0.033,1.8E+06,0,766.893,NaN,NaN,NaN,NaN,NaN
0.033,1.784E+06,0,754.116,NaN,NaN,NaN,NaN,NaN
0.032,1.769E+06,0,741.345,NaN,NaN,NaN,NaN,NaN
0.032,1.753E+06,0,728.582,NaN,NaN,NaN,NaN,NaN
0.032,1.738E+06,0,715.826,NaN,NaN,NaN,NaN,NaN
0.032,1.722E+06,0,703.077,NaN,NaN,NaN,NaN,NaN
0.031,1.706E+06,0,690.336,NaN,NaN,NaN,NaN,NaN
0.031,1.69E+06,0,677.604,NaN,NaN,NaN,NaN,NaN
0.031,1.674E+06,0,664.879,NaN,NaN,NaN,NaN,NaN
0.03,1.657E+06,0,652.164,NaN,NaN,NaN,NaN,NaN
0.03,1.641E+06,0,639.458,NaN,NaN,NaN,NaN,NaN
0.03,1.624E+06,0,626.761,NaN,NaN,NaN,NaN,NaN
0.029,1.607E+06,0,614.075,NaN,NaN,NaN,NaN,NaN
0.029,1.59E+06,0,601.399,NaN,NaN,NaN,NaN,NaN
0.029,1.573E+06,0,588.734,NaN,NaN,NaN,NaN,NaN
0.029,1.556E+06,0,576.081,NaN,NaN,NaN,NaN,NaN
0.028,1.538E+06,0,563.44,NaN,NaN,NaN,NaN,NaN
0.028,1.52E+06,0,550.812,NaN,NaN,NaN,NaN,NaN
0.028,1.502E+06,0,538.197,NaN,NaN,NaN,NaN,NaN
0.027,1.484E+06,0,525.596,NaN,NaN,NaN,NaN,NaN
0.027,1.466E+06,0,513.01,NaN,NaN,NaN,NaN,NaN
0.027,1.447E+06,0,500.439,NaN,NaN,NaN,NaN,NaN
0.026,1.429E+06,0,487.886,NaN,NaN,NaN,NaN,NaN
0.026,1.41E+06,0,475.35,NaN,NaN,NaN,NaN,NaN
0.026,1.391E+06,0,462.832,NaN,NaN,NaN,NaN,NaN
0.025,1.371E+06,0,450.335,NaN,NaN,NaN,NaN,NaN
0.025,1.352E+06,0,437.859,NaN,NaN,NaN,NaN,NaN
0.025,1.332E+06,0,425.405,NaN,NaN,NaN,NaN,NaN
0.024,1.312E+06,0,412.976,NaN,NaN,NaN,NaN,NaN
0.024,1.291E+06,0,400.572,NaN,NaN,NaN,NaN,NaN
0.023,1.27E+06,0,388.196,NaN,NaN,NaN,NaN,NaN
0.023,1.249E+06,0,375.851,NaN,NaN,NaN,NaN,NaN
0.023,1.228E+06,0,363.538,NaN,NaN,NaN,NaN,NaN
0.022,1.207E+06,0,351.26,NaN,NaN,NaN,NaN,NaN
0.022,1.185E+06,0,339.021,NaN,NaN,NaN,NaN,NaN
0.021,1.162E+06,0,326.823,NaN,NaN,NaN,NaN,NaN
0.021,1.14E+06,0,314.672,NaN,NaN,NaN,NaN,NaN
0.021,1.117E+06,0,302.572,NaN,NaN,NaN,NaN,NaN
0.02,1.094E+06,0,290.528,NaN,NaN,NaN,NaN,NaN
0.02,1.07E+06,0,278.547,NaN,NaN,NaN,NaN,NaN
0.019,1.046E+06,0,266.637,NaN,NaN,NaN,NaN,NaN
0.019,1.022E+06,0,254.808,NaN,NaN,NaN,NaN,NaN
0.019,9.97E+05,0,243.07,NaN,NaN,NaN,NaN,NaN
0.018,9.719E+05,0,231.437,NaN,NaN,NaN,NaN,NaN
0.018,9.464E+05,0,219.925,NaN,NaN,NaN,NaN,NaN
0.017,9.207E+05,0,208.557,NaN,NaN,NaN,NaN,NaN
0.017,8.947E+05,0,197.364,NaN,NaN,NaN,NaN,NaN
0.016,8.686E+05,0,186.38,NaN,NaN,NaN,NaN,NaN
0.016,8.426E+05,0,175.66,NaN,NaN,NaN,NaN,NaN
0.015,8.169E+05,0,165.291,NaN,NaN,NaN,NaN,NaN
0.015,7.921E+05,0,155.37,NaN,NaN,NaN,NaN,NaN
0.014,7.693E+05,0,146.095,NaN,NaN,NaN,NaN,NaN
0.014,7.506E+05,0,137.805,NaN,NaN,NaN,NaN,NaN
0.014,7.41E+05,0,131.165,NaN,NaN,NaN,NaN,NaN
0.013,7.472E+05,0,127.838,NaN,NaN,NaN,NaN,NaN
0.014,7.401E+05,0,129.986,NaN,NaN,NaN,NaN,NaN
0.013,7.483E+05,0,127.527,NaN,NaN,NaN,NaN,NaN
0.014,7.391E+05,0,130.343,NaN,NaN,NaN,NaN,NaN
0.013,7.498E+05,0,127.118,NaN,NaN,NaN,NaN,NaN
0.014,7.376E+05,0,130.812,NaN,NaN,NaN,NaN,NaN
0.013,7.516E+05,0,126.584,NaN,NaN,NaN,NaN,NaN
0.014,7.356E+05,0,131.434,NaN,NaN,NaN,NaN,NaN
0.013,7.541E+05,0,125.871,NaN,NaN,NaN,NaN,NaN
0.014,7.33E+05,0,132.247,NaN,NaN,NaN,NaN,NaN
0.013,7.572E+05,0,124.941,NaN,NaN,NaN,NaN,NaN
0.014,7.295E+05,0,133.321,NaN,NaN,NaN,NaN,NaN
0.013,7.614E+05,0,123.714,NaN,NaN,NaN,NaN,NaN
0.014,7.248E+05,0,134.734,NaN,NaN,NaN,NaN,NaN
0.013,7.667E+05,0,122.103,NaN,NaN,NaN,NaN,NaN
0.014,7.231E+05,0,136.595,NaN,NaN,NaN,NaN,NaN
0.013,7.592E+05,0,121.493,NaN,NaN,NaN,NaN,NaN
0.014,7.33E+05,0,133.877,NaN,NaN,NaN,NaN,NaN
0.013,7.581E+05,0,124.81,NaN,NaN,NaN,NaN,NaN
0.014,7.293E+05,0,133.478,NaN,NaN,NaN,NaN,NaN
0.013,7.624E+05,0,123.529,NaN,NaN,NaN,NaN,NaN
0.014,7.244E+05,0,134.96,NaN,NaN,NaN,NaN,NaN
0.013,7.68E+05,0,121.835,NaN,NaN,NaN,NaN,NaN
0.014,7.244E+05,0,136.923,NaN,NaN,NaN,NaN,NaN
0.013,7.575E+05,0,121.788,NaN,NaN,NaN,NaN,NaN
0.014,7.341E+05,0,133.167,NaN,NaN,NaN,NaN,NaN
0.013,7.577E+05,0,125.055,NaN,NaN,NaN,NaN,NaN
0.014,7.306E+05,0,133.205,NaN,NaN,NaN,NaN,NaN
0.013,7.618E+05,0,123.833,NaN,NaN,NaN,NaN,NaN
0.014,7.259E+05,0,134.618,NaN,NaN,NaN,NaN,NaN
0.013,7.672E+05,0,122.217,NaN,NaN,NaN,NaN,NaN
0.014,7.235E+05,0,136.491,NaN,NaN,NaN,NaN,NaN
0.013,7.608E+05,0,121.351,NaN,NaN,NaN,NaN,NaN
0.014,7.337E+05,0,134.169,NaN,NaN,NaN,NaN,NaN
0.013,7.591E+05,0,124.775,NaN,NaN,NaN,NaN,NaN
0.014,7.299E+05,0,133.538,NaN,NaN,NaN,NaN,NaN
0.013,7.635E+05,0,123.445,NaN,NaN,NaN,NaN,NaN
0.014,7.247E+05,0,135.08,NaN,NaN,NaN,NaN,NaN
0.013,7.682E+05,0,121.687,NaN,NaN,NaN,NaN,NaN
0.014,7.267E+05,0,136.699,NaN,NaN,NaN,NaN,NaN
0.013,7.584E+05,0,122.295,NaN,NaN,NaN,NaN,NaN
0.014,7.331E+05,0,133.174,NaN,NaN,NaN,NaN,NaN
0.013,7.605E+05,0,124.453,NaN,NaN,NaN,NaN,NaN
0.014,7.289E+05,0,133.919,NaN,NaN,NaN,NaN,NaN
0.013,7.654E+05,0,123.007,NaN,NaN,NaN,NaN,NaN
0.014,7.233E+05,0,135.599,NaN,NaN,NaN,NaN,NaN
0.013,7.672E+05,0,121.077,NaN,NaN,NaN,NaN,NaN
0.014,7.313E+05,0,136.206,NaN,NaN,NaN,NaN,NaN
0.013,7.577E+05,0,123.723,NaN,NaN,NaN,NaN,NaN
0.014,7.33E+05,0,132.806,NaN,NaN,NaN,NaN,NaN
0.013,7.616E+05,0,124.275,NaN,NaN,NaN,NaN,NaN
0.014,7.286E+05,0,134.135,NaN,NaN,NaN,NaN,NaN
0.013,7.667E+05,0,122.747,NaN,NaN,NaN,NaN,NaN
0.014,7.229E+05,0,135.922,NaN,NaN,NaN,NaN,NaN
0.013,7.659E+05,0,120.819,NaN,NaN,NaN,NaN,NaN
0.014,7.339E+05,0,135.607,NaN,NaN,NaN,NaN,NaN
0.013,7.58E+05,0,124.467,NaN,NaN,NaN,NaN,NaN
0.014,7.334E+05,0,132.775,NaN,NaN,NaN,NaN,NaN
0.013,7.619E+05,0,124.306,NaN,NaN,NaN,NaN,NaN
0.014,7.29E+05,0,134.117,NaN,NaN,NaN,NaN,NaN
0.013,7.671E+05,0,122.761,NaN,NaN,NaN,NaN,NaN
0.014,7.23E+05,0,135.911,NaN,NaN,NaN,NaN,NaN
0.013,7.668E+05,0,120.71,NaN,NaN,NaN,NaN,NaN
0.014,7.343E+05,0,135.775,NaN,NaN,NaN,NaN,NaN
0.013,7.581E+05,0,124.501,NaN,NaN,NaN,NaN,NaN
0.014,7.341E+05,0,132.684,NaN,NaN,NaN,NaN,NaN
0.013,7.62E+05,0,124.406,NaN,NaN,NaN,NaN,NaN
0.014,7.297E+05,0,134.001,NaN,NaN,NaN,NaN,NaN
0.013,7.671E+05,0,122.887,NaN,NaN,NaN,NaN,NaN
0.014,7.237E+05,0,135.778,NaN,NaN,NaN,NaN,NaN
,,,,,,,,
,,,,,,,,
0.013,7.531E+05,0,120.839,NaN,NaN,NaN,NaN,NaN